{"stats":{"minecraft:crafted":{"comforts:sleeping_bag_red":1,"minecraft:wooden_sword":1,"minecraft:oak_planks":248,"minecraft:raw_iron":45,"comforts:sleeping_bag_white":1,"minecraft:flint_and_steel":1,"minecraft:glass":37,"minecraft:iron_axe":1,"minecraft:stone_pickaxe":1,"minecraft:chest":2,"minecraft:red_dye":6,"minecraft:wooden_shovel":1,"minecraft:emerald":9,"minecraft:cooked_porkchop":3,"minecraft:crafting_table":3,"travelersbackpack:backpack_tank":4,"travelersbackpack:standard":2,"minecraft:red_wool":5,"travelersbackpack:red_sleeping_bag":2,"minecraft:oak_boat":2,"minecraft:white_wool":1,"minecraft:raw_gold":18,"minecraft:stick":80,"minecraft:iron_pickaxe":2,"minecraft:wooden_axe":1,"minecraft:iron_shovel":2,"minecraft:gold_ingot":18,"minecraft:white_bed":1},"minecraft:custom":{"minecraft:mob_kills":79,"minecraft:interact_with_crafting_table":56,"minecraft:open_barrel":3,"minecraft:eat_cake_slice":7,"minecraft:leave_game":3,"minecraft:time_since_death":33012,"minecraft:climb_one_cm":135,"minecraft:damage_blocked_by_shield":1090,"minecraft:sprint_one_cm":789,"minecraft:walk_one_cm":1099654,"minecraft:drop":32,"minecraft:play_time":224141,"minecraft:deaths":4,"minecraft:sneak_time":66,"minecraft:walk_under_water_one_cm":36947,"minecraft:boat_one_cm":529312,"minecraft:jump":1783,"minecraft:walk_on_water_one_cm":69582,"minecraft:total_world_time":224141,"minecraft:interact_with_furnace":13,"tombstone:raider_killed":1,"minecraft:sleep_in_bed":5,"minecraft:time_since_rest":15114,"minecraft:damage_taken":3436,"minecraft:damage_absorbed":40,"minecraft:damage_dealt":8797,"minecraft:fly_one_cm":12424,"minecraft:open_chest":78,"tombstone:undead_killed":27,"minecraft:fall_one_cm":26726,"minecraft:horse_one_cm":993667},"minecraft:dropped":{"minecraft:stone_hoe":2,"minecraft:brown_mushroom":4,"minecraft:cooked_beef":6,"minecraft:baked_potato":10,"minecraft:glass_bottle":1,"byg:brimstone":14,"minecraft:flint":3,"minecraft:stick":27,"minecraft:gray_wool":1,"minecraft:torch":23,"byg:soapstone":7,"minecraft:potion":2,"minecraft:white_wool":18,"minecraft:bucket":2,"minecraft:bone":41,"comforts:sleeping_bag_red":1,"minecraft:iron_nugget":17,"minecraft:salmon":1,"minecraft:carrot":33,"minecraft:suspicious_stew":1,"minecraft:flint_and_steel":1,"minecraft:rabbit_hide":2,"minecraft:stone_pickaxe":1,"minecraft:quartz":8},"minecraft:killed":{"minecraft:cave_spider":1,"minecraft:spider":5,"minecraft:skeleton":17,"minecraft:chicken":1,"minecraft:pig":5,"minecraft:creeper":1,"minecraft:sheep":28,"minecraft:zombie":10,"untamedwilds:bison":6,"minecraft:cow":4},"minecraft:broken":{"minecraft:leather_helmet":1,"minecraft:wooden_shovel":1,"minecraft:leather_leggings":1,"minecraft:wooden_pickaxe":1,"minecraft:chainmail_chestplate":1,"minecraft:wooden_sword":1,"minecraft:leather_boots":1,"minecraft:iron_pickaxe":1,"minecraft:wooden_axe":2},"minecraft:picked_up":{"minecraft:charcoal":4,"minecraft:crafting_table":4,"byg:soapstone":8,"minecraft:chicken":1,"minecraft:clay_ball":7,"minecraft:suspicious_stew":1,"minecraft:leather_leggings":1,"minecraft:brown_mushroom":4,"minecraft:oak_stairs":2,"untamedwilds:flora_canola":1,"minecraft:gold_block":2,"minecraft:potion":3,"byg:indigo_jacaranda_sapling":4,"minecraft:shield":1,"minecraft:brick":8,"minecraft:string":13,"minecraft:raw_copper":20,"minecraft:flint_and_steel":1,"minecraft:red_nether_bricks":1,"minecraft:cracked_stone_bricks":6,"minecraft:gold_nugget":12,"minecraft:cobbled_deepslate":19,"minecraft:bucket":2,"minecraft:beef":14,"minecraft:oak_boat":4,"minecraft:wooden_shovel":1,"minecraft:poppy":6,"minecraft:iron_pickaxe":1,"minecraft:coal_block":2,"minecraft:chest":4,"minecraft:birch_sapling":1,"minecraft:egg":2,"minecraft:copper_ore":5,"minecraft:stick":46,"minecraft:raw_iron":71,"minecraft:stone":45,"minecraft:raw_gold_block":18,"byg:anthracite":10,"minecraft:oak_fence":7,"minecraft:torch":60,"minecraft:bowl":1,"minecraft:porkchop":11,"tombstone:grave_dust":3,"minecraft:diorite":9,"minecraft:carrot":22,"byg:brimstone":40,"byg:embur_lily":1,"minecraft:arrow":22,"minecraft:rotten_flesh":27,"minecraft:nether_bricks":11,"minecraft:mutton":38,"minecraft:iron_bars":7,"minecraft:white_wool":31,"minecraft:cobblestone":7,"minecraft:lime_bed":2,"minecraft:feather":4,"minecraft:cooked_beef":6,"minecraft:salmon":2,"minecraft:brown_wool":1,"minecraft:leather":22,"minecraft:oak_log":65,"minecraft:chainmail_chestplate":1,"minecraft:gunpowder":10,"tombstone:gift":1,"minecraft:dirt":316,"minecraft:lantern":6,"byg:cyan_amaranth":1,"untamedwilds:flora_junegrass":3,"minecraft:bone":31,"minecraft:stone_bricks":29,"untamedwilds:material_fat":3,"minecraft:bow":2,"minecraft:wheat_seeds":18,"minecraft:raw_gold":22,"minecraft:rabbit_hide":3,"minecraft:iron_ingot":1,"minecraft:cobweb":2,"minecraft:iron_ore":21,"minecraft:glass_bottle":1,"byg:jacaranda_log":58,"minecraft:stone_hoe":1,"minecraft:oak_planks":11,"minecraft:soul_sand":1,"minecraft:book":21,"minecraft:emerald_block":1,"minecraft:pumpkin":2,"minecraft:music_disc_13":1,"minecraft:quartz":8,"minecraft:raw_iron_block":23,"minecraft:sand":37,"minecraft:nether_brick_stairs":2,"minecraft:white_bed":3,"minecraft:fermented_spider_eye":1,"minecraft:gold_ore":28,"minecraft:spider_eye":2,"minecraft:leather_helmet":1,"byg:lament_log":3,"minecraft:bundle":1,"travelersbackpack:standard":2,"minecraft:coal_ore":20,"minecraft:diamond":2,"minecraft:deepslate":102,"minecraft:chainmail_leggings":1,"minecraft:granite":1,"byg:foragers_table":1,"minecraft:gray_wool":3,"minecraft:emerald":13,"minecraft:oak_sapling":10,"minecraft:baked_potato":10,"minecraft:netherrack":3,"minecraft:black_wool":1,"minecraft:coal":26},"minecraft:killed_by":{"minecraft:creeper":2,"minecraft:skeleton":1,"minecraft:zombie":1},"minecraft:mined":{"untamedwilds:flora_junegrass":6,"minecraft:white_bed":3,"byg:embur_lily":1,"minecraft:granite":1,"minecraft:grass_block":120,"byg:jacaranda_log":63,"minecraft:coal_block":2,"minecraft:spawner":13,"minecraft:raw_iron_block":23,"minecraft:raw_gold_block":18,"minecraft:fire":1,"minecraft:iron_ore":89,"minecraft:pumpkin":2,"byg:boric_fire":18,"minecraft:gold_block":2,"minecraft:bookshelf":7,"minecraft:dirt_path":17,"byg:anthracite_ore":5,"minecraft:iron_bars":5,"minecraft:lantern":6,"minecraft:stone":52,"travelersbackpack:standard":2,"minecraft:oak_fence":7,"byg:brimstone":58,"minecraft:crafting_table":4,"minecraft:torch":19,"minecraft:emerald_ore":13,"minecraft:poppy":6,"minecraft:chest":5,"minecraft:campfire":2,"minecraft:deepslate_coal_ore":2,"minecraft:tall_grass":22,"minecraft:copper_ore":11,"minecraft:oak_planks":10,"minecraft:wall_torch":10,"minecraft:diorite":9,"byg:soapstone":15,"byg:brimstone_nether_quartz_ore":8,"minecraft:lime_bed":2,"byg:cyan_amaranth":1,"byg:foragers_table":1,"minecraft:ice":3,"minecraft:grass":107,"minecraft:oak_log":66,"minecraft:coal_ore":44,"byg:lament_log":4,"minecraft:sand":38,"minecraft:dirt":6,"byg:brimstone_nether_gold_ore":4,"minecraft:cobweb":5,"minecraft:cracked_stone_bricks":8,"minecraft:stone_bricks":3,"minecraft:emerald_block":1,"minecraft:netherrack":4,"minecraft:mossy_stone_bricks":1,"minecraft:gold_ore":50,"minecraft:oak_leaves":1,"minecraft:deepslate":119},"minecraft:used":{"minecraft:oak_fence":1,"minecraft:iron_shovel":128,"minecraft:iron_bars":1,"minecraft:flint_and_steel":5,"minecraft:chest":2,"minecraft:shield":17,"minecraft:stone":45,"minecraft:iron_sword":63,"minecraft:wooden_shovel":151,"minecraft:stone_hoe":9,"minecraft:rotten_flesh":49,"minecraft:torch":84,"minecraft:dirt":121,"minecraft:wooden_axe":75,"minecraft:lava_bucket":9,"minecraft:lantern":5,"minecraft:iron_axe":158,"minecraft:oak_stairs":1,"minecraft:copper_ore":5,"minecraft:stone_bricks":32,"minecraft:beef":5,"minecraft:bow":46,"tombstone:gift":6,"minecraft:cooked_beef":4,"minecraft:potato":21,"minecraft:pumpkin":2,"minecraft:water_bucket":1,"byg:foragers_table":1,"minecraft:iron_ore":21,"byg:brimstone":26,"minecraft:stone_pickaxe":128,"minecraft:oak_planks":62,"minecraft:wooden_pickaxe":43,"minecraft:gold_ore":22,"minecraft:cracked_stone_bricks":3,"minecraft:golden_apple":2,"minecraft:tnt":3,"minecraft:lime_bed":2,"minecraft:crafting_table":7,"minecraft:white_bed":4,"minecraft:oak_log":3,"minecraft:apple":2,"minecraft:dark_oak_log":2,"minecraft:iron_pickaxe":526,"minecraft:deepslate":20,"minecraft:wooden_sword":58,"minecraft:potion":1,"travelersbackpack:standard":11,"minecraft:porkchop":8,"minecraft:bucket":12,"minecraft:oak_boat":4,"minecraft:cobweb":5}},"DataVersion":2975}