{"stats":{"minecraft:picked_up":{"minecraft:crafting_table":2,"minecraft:clay_ball":7,"minecraft:suspicious_stew":1,"minecraft:leather_leggings":1,"minecraft:brown_mushroom":4,"minecraft:oak_stairs":1,"minecraft:potion":3,"minecraft:brick":8,"minecraft:shield":1,"minecraft:string":13,"minecraft:flint_and_steel":1,"minecraft:cracked_stone_bricks":5,"minecraft:bucket":2,"minecraft:beef":5,"minecraft:wooden_shovel":1,"minecraft:poppy":4,"minecraft:iron_pickaxe":1,"minecraft:chest":1,"minecraft:stick":27,"minecraft:raw_iron":27,"minecraft:torch":27,"minecraft:porkchop":11,"tombstone:grave_dust":1,"minecraft:carrot":22,"minecraft:arrow":20,"minecraft:rotten_flesh":9,"minecraft:mutton":34,"minecraft:iron_bars":7,"minecraft:white_wool":27,"minecraft:cobblestone":4,"minecraft:feather":3,"minecraft:cooked_beef":6,"minecraft:leather":10,"minecraft:brown_wool":1,"minecraft:oak_log":25,"minecraft:chainmail_chestplate":1,"minecraft:gunpowder":6,"minecraft:dirt":4,"minecraft:lantern":5,"minecraft:bone":13,"minecraft:stone_bricks":27,"minecraft:bow":2,"minecraft:wheat_seeds":1,"minecraft:rabbit_hide":3,"minecraft:cobweb":2,"minecraft:glass_bottle":1,"minecraft:oak_planks":10,"minecraft:stone_hoe":1,"minecraft:pumpkin":2,"minecraft:raw_iron_block":1,"minecraft:sand":18,"minecraft:white_bed":1,"minecraft:spider_eye":1,"minecraft:leather_helmet":1,"minecraft:bundle":1,"minecraft:diamond":2,"minecraft:chainmail_leggings":1,"minecraft:gray_wool":3,"minecraft:baked_potato":10,"minecraft:oak_sapling":4,"minecraft:black_wool":1,"minecraft:coal":11},"minecraft:killed_by":{"minecraft:skeleton":1,"minecraft:zombie":1},"minecraft:custom":{"minecraft:mob_kills":61,"minecraft:interact_with_crafting_table":31,"minecraft:open_barrel":3,"minecraft:eat_cake_slice":7,"minecraft:leave_game":2,"minecraft:time_since_death":54383,"minecraft:sprint_one_cm":84,"minecraft:damage_blocked_by_shield":400,"minecraft:walk_one_cm":544445,"minecraft:drop":27,"minecraft:play_time":86241,"minecraft:deaths":2,"minecraft:sneak_time":9,"minecraft:walk_under_water_one_cm":4319,"minecraft:jump":647,"minecraft:walk_on_water_one_cm":22667,"minecraft:total_world_time":86241,"minecraft:interact_with_furnace":9,"minecraft:sleep_in_bed":1,"minecraft:time_since_rest":10362,"minecraft:damage_taken":1731,"minecraft:damage_dealt":5797,"minecraft:fly_one_cm":4838,"minecraft:open_chest":68,"tombstone:undead_killed":20,"minecraft:fall_one_cm":6235},"minecraft:used":{"minecraft:iron_bars":1,"minecraft:flint_and_steel":2,"minecraft:chest":1,"minecraft:shield":4,"minecraft:iron_sword":35,"minecraft:stone_hoe":9,"minecraft:rotten_flesh":6,"minecraft:torch":47,"minecraft:dirt":1,"minecraft:wooden_axe":75,"minecraft:lantern":5,"minecraft:bow":41,"minecraft:beef":5,"tombstone:gift":4,"minecraft:potato":21,"minecraft:cooked_beef":4,"minecraft:pumpkin":2,"minecraft:stone_pickaxe":108,"minecraft:oak_planks":49,"minecraft:wooden_pickaxe":43,"minecraft:cracked_stone_bricks":3,"minecraft:tnt":3,"minecraft:crafting_table":5,"minecraft:white_bed":2,"minecraft:oak_log":2,"minecraft:apple":2,"minecraft:dark_oak_log":2,"minecraft:wooden_sword":58,"minecraft:potion":1,"travelersbackpack:standard":1,"minecraft:porkchop":8,"minecraft:cobweb":5},"minecraft:broken":{"minecraft:leather_helmet":1,"minecraft:leather_leggings":1,"minecraft:wooden_pickaxe":1,"minecraft:wooden_sword":1,"minecraft:wooden_axe":2},"minecraft:dropped":{"minecraft:stone_hoe":2,"minecraft:brown_mushroom":4,"minecraft:cooked_beef":6,"minecraft:baked_potato":10,"minecraft:glass_bottle":1,"minecraft:stick":27,"minecraft:flint":3,"minecraft:gray_wool":1,"minecraft:torch":23,"minecraft:potion":2,"minecraft:bucket":2,"minecraft:white_wool":18,"minecraft:bone":41,"comforts:sleeping_bag_red":1,"minecraft:iron_nugget":17,"minecraft:carrot":33,"minecraft:suspicious_stew":1,"minecraft:flint_and_steel":1,"minecraft:rabbit_hide":2,"minecraft:stone_pickaxe":1},"minecraft:mined":{"minecraft:white_bed":1,"minecraft:grass_block":2,"minecraft:spawner":12,"minecraft:raw_iron_block":2,"minecraft:iron_ore":27,"minecraft:pumpkin":2,"minecraft:lantern":5,"minecraft:iron_bars":5,"minecraft:stone":4,"minecraft:crafting_table":2,"minecraft:poppy":4,"minecraft:chest":2,"minecraft:copper_ore":1,"minecraft:tall_grass":1,"minecraft:oak_planks":10,"minecraft:ice":3,"minecraft:grass":4,"minecraft:coal_ore":10,"minecraft:oak_log":23,"minecraft:sand":19,"minecraft:dirt":2,"minecraft:cobweb":5,"minecraft:cracked_stone_bricks":7,"minecraft:stone_bricks":2},"minecraft:crafted":{"comforts:sleeping_bag_red":1,"minecraft:wooden_sword":1,"minecraft:oak_planks":92,"minecraft:raw_iron":9,"comforts:sleeping_bag_white":1,"minecraft:flint_and_steel":1,"minecraft:glass":18,"minecraft:stone_pickaxe":1,"minecraft:chest":1,"minecraft:red_dye":4,"minecraft:wooden_shovel":1,"minecraft:cooked_porkchop":3,"minecraft:crafting_table":3,"travelersbackpack:backpack_tank":3,"travelersbackpack:standard":1,"minecraft:red_wool":3,"travelersbackpack:red_sleeping_bag":1,"minecraft:white_wool":1,"minecraft:stick":24,"minecraft:wooden_axe":1,"minecraft:white_bed":1},"minecraft:killed":{"minecraft:spider":5,"minecraft:skeleton":14,"minecraft:pig":5,"minecraft:sheep":24,"minecraft:zombie":6,"untamedwilds:bison":2,"minecraft:cow":4}},"DataVersion":2975}