{"stats":{"minecraft:picked_up":{"minecraft:crafting_table":2,"minecraft:cooked_beef":6,"minecraft:clay_ball":7,"minecraft:leather_leggings":1,"minecraft:brown_wool":1,"minecraft:leather":3,"minecraft:brown_mushroom":4,"minecraft:oak_stairs":1,"minecraft:potion":2,"minecraft:oak_log":23,"minecraft:chainmail_chestplate":1,"minecraft:shield":1,"minecraft:brick":8,"minecraft:gunpowder":6,"minecraft:dirt":4,"minecraft:string":8,"minecraft:lantern":5,"minecraft:flint_and_steel":1,"minecraft:bone":12,"minecraft:stone_bricks":3,"minecraft:cracked_stone_bricks":5,"minecraft:bow":2,"minecraft:wheat_seeds":1,"minecraft:rabbit_hide":3,"minecraft:beef":5,"minecraft:cobweb":2,"minecraft:poppy":4,"minecraft:glass_bottle":1,"minecraft:iron_pickaxe":1,"minecraft:stone_hoe":1,"minecraft:oak_planks":10,"minecraft:raw_iron":27,"minecraft:pumpkin":2,"minecraft:torch":27,"minecraft:raw_iron_block":1,"minecraft:porkchop":11,"minecraft:sand":18,"tombstone:grave_dust":1,"minecraft:white_bed":1,"minecraft:carrot":22,"minecraft:spider_eye":1,"minecraft:leather_helmet":1,"minecraft:bundle":1,"minecraft:arrow":20,"minecraft:rotten_flesh":9,"minecraft:chainmail_leggings":1,"minecraft:gray_wool":3,"minecraft:baked_potato":10,"minecraft:coal":11,"minecraft:oak_sapling":4,"minecraft:iron_bars":5,"minecraft:black_wool":1,"minecraft:mutton":33,"minecraft:white_wool":26,"minecraft:cobblestone":4},"minecraft:killed_by":{"minecraft:skeleton":1,"minecraft:zombie":1},"minecraft:custom":{"minecraft:interact_with_furnace":1,"minecraft:mob_kills":56,"minecraft:interact_with_crafting_table":13,"minecraft:open_barrel":3,"minecraft:eat_cake_slice":7,"minecraft:leave_game":2,"minecraft:time_since_death":30383,"minecraft:time_since_rest":30408,"minecraft:damage_taken":1661,"minecraft:walk_one_cm":399297,"minecraft:damage_blocked_by_shield":400,"minecraft:drop":22,"minecraft:damage_dealt":4921,"minecraft:fly_one_cm":3729,"minecraft:open_chest":47,"minecraft:play_time":62241,"tombstone:undead_killed":19,"minecraft:deaths":2,"minecraft:sneak_time":9,"minecraft:walk_under_water_one_cm":4319,"minecraft:jump":473,"minecraft:walk_on_water_one_cm":19709,"minecraft:total_world_time":62241,"minecraft:fall_one_cm":3435},"minecraft:used":{"minecraft:iron_bars":1,"minecraft:flint_and_steel":1,"minecraft:stone_pickaxe":105,"minecraft:oak_planks":49,"minecraft:shield":4,"minecraft:chest":1,"minecraft:wooden_pickaxe":43,"minecraft:iron_sword":12,"minecraft:stone_hoe":9,"minecraft:rotten_flesh":2,"minecraft:cracked_stone_bricks":3,"minecraft:torch":46,"minecraft:dirt":1,"minecraft:tnt":3,"minecraft:crafting_table":4,"minecraft:white_bed":1,"minecraft:oak_log":2,"minecraft:wooden_axe":75,"minecraft:apple":2,"minecraft:dark_oak_log":2,"minecraft:lantern":5,"minecraft:potion":1,"minecraft:wooden_sword":58,"minecraft:bow":38,"minecraft:beef":5,"minecraft:porkchop":8,"tombstone:gift":4,"minecraft:cooked_beef":4,"minecraft:potato":21,"minecraft:pumpkin":2},"minecraft:broken":{"minecraft:leather_helmet":1,"minecraft:wooden_sword":1,"minecraft:leather_leggings":1,"minecraft:wooden_axe":2,"minecraft:wooden_pickaxe":1},"minecraft:dropped":{"minecraft:stone_hoe":2,"minecraft:brown_mushroom":4,"minecraft:iron_nugget":17,"minecraft:cooked_beef":6,"minecraft:baked_potato":10,"minecraft:glass_bottle":1,"minecraft:carrot":33,"minecraft:flint_and_steel":1,"minecraft:flint":3,"minecraft:rabbit_hide":2,"minecraft:gray_wool":1,"minecraft:torch":23,"minecraft:potion":2,"minecraft:stone_pickaxe":1,"minecraft:white_wool":18,"minecraft:bone":40},"minecraft:mined":{"minecraft:white_bed":1,"minecraft:crafting_table":2,"minecraft:grass_block":2,"minecraft:poppy":4,"minecraft:tall_grass":1,"minecraft:copper_ore":1,"minecraft:oak_planks":10,"minecraft:spawner":12,"minecraft:raw_iron_block":2,"minecraft:iron_ore":27,"minecraft:ice":3,"minecraft:pumpkin":2,"minecraft:grass":4,"minecraft:oak_log":21,"minecraft:coal_ore":10,"minecraft:iron_bars":5,"minecraft:lantern":5,"minecraft:sand":19,"minecraft:dirt":2,"minecraft:cracked_stone_bricks":7,"minecraft:stone":4,"minecraft:stone_bricks":2},"minecraft:crafted":{"minecraft:wooden_sword":1,"minecraft:raw_iron":9,"minecraft:oak_planks":84,"minecraft:wooden_shovel":1,"minecraft:crafting_table":2,"minecraft:flint_and_steel":1,"minecraft:stick":24,"minecraft:stone_pickaxe":1,"minecraft:wooden_axe":1,"minecraft:chest":1,"minecraft:white_bed":1},"minecraft:killed":{"minecraft:pig":5,"minecraft:spider":5,"minecraft:sheep":23,"minecraft:skeleton":14,"minecraft:zombie":5,"minecraft:cow":3}},"DataVersion":2975}