{"stats":{"minecraft:broken":{"minecraft:leather_helmet":1,"minecraft:golden_helmet":1,"minecraft:wooden_shovel":1,"minecraft:leather_leggings":2,"minecraft:wooden_pickaxe":1,"minecraft:chainmail_chestplate":1,"minecraft:iron_axe":1,"minecraft:wooden_sword":1,"minecraft:leather_boots":1,"minecraft:iron_pickaxe":2,"minecraft:wooden_axe":2},"minecraft:killed_by":{"minecraft:creeper":2,"minecraft:skeleton":2,"minecraft:zombie":1},"minecraft:killed":{"minecraft:cave_spider":1,"minecraft:spider":5,"minecraft:skeleton":20,"minecraft:chicken":2,"minecraft:drowned":3,"minecraft:pig":11,"minecraft:creeper":1,"minecraft:squid":2,"minecraft:sheep":35,"minecraft:pillager":1,"minecraft:zombie":13,"untamedwilds:bison":7,"minecraft:cow":14},"minecraft:custom":{"minecraft:mob_kills":117,"minecraft:interact_with_crafting_table":70,"minecraft:open_barrel":3,"minecraft:eat_cake_slice":7,"minecraft:leave_game":3,"minecraft:time_since_death":67532,"minecraft:climb_one_cm":689,"minecraft:damage_blocked_by_shield":1595,"minecraft:sprint_one_cm":973,"minecraft:walk_one_cm":1540200,"minecraft:drop":42,"minecraft:talked_to_villager":3,"minecraft:play_time":318380,"minecraft:sneak_time":885,"minecraft:deaths":6,"minecraft:walk_under_water_one_cm":101361,"minecraft:boat_one_cm":703571,"minecraft:jump":2802,"minecraft:walk_on_water_one_cm":130777,"minecraft:total_world_time":318380,"minecraft:interact_with_furnace":27,"tombstone:raider_killed":2,"minecraft:sleep_in_bed":9,"minecraft:time_since_rest":22854,"minecraft:damage_absorbed":40,"minecraft:damage_taken":4793,"minecraft:damage_dealt":13552,"minecraft:swim_one_cm":917,"minecraft:fly_one_cm":17098,"minecraft:open_chest":92,"tombstone:undead_killed":36,"minecraft:fall_one_cm":36573,"minecraft:horse_one_cm":993667},"minecraft:crafted":{"comforts:sleeping_bag_red":1,"minecraft:wooden_sword":1,"minecraft:oak_planks":248,"minecraft:raw_iron":252,"minecraft:coal":36,"comforts:sleeping_bag_white":1,"minecraft:furnace":1,"minecraft:flint_and_steel":1,"minecraft:glass":37,"minecraft:iron_axe":1,"minecraft:stone_pickaxe":1,"minecraft:chest":2,"minecraft:spruce_boat":1,"minecraft:red_dye":6,"minecraft:wooden_shovel":1,"minecraft:emerald":9,"minecraft:cooked_porkchop":3,"minecraft:crafting_table":4,"minecraft:spruce_planks":12,"travelersbackpack:backpack_tank":4,"travelersbackpack:standard":2,"minecraft:red_wool":5,"travelersbackpack:red_sleeping_bag":2,"minecraft:oak_boat":2,"minecraft:white_wool":1,"minecraft:raw_gold":198,"minecraft:stick":80,"minecraft:iron_ingot":94,"minecraft:iron_pickaxe":2,"minecraft:wooden_axe":1,"minecraft:iron_shovel":2,"minecraft:gold_ingot":18,"minecraft:white_bed":1},"minecraft:picked_up":{"minecraft:charcoal":4,"minecraft:crafting_table":4,"byg:soapstone":8,"minecraft:chicken":2,"byg:lush_dirt":34,"minecraft:clay_ball":7,"minecraft:suspicious_stew":1,"minecraft:leather_leggings":1,"minecraft:brown_mushroom":4,"minecraft:oak_stairs":2,"untamedwilds:flora_canola":1,"minecraft:gold_block":2,"minecraft:potion":3,"byg:indigo_jacaranda_sapling":4,"minecraft:brick":8,"minecraft:shield":1,"minecraft:string":13,"minecraft:raw_copper":20,"minecraft:flint_and_steel":1,"minecraft:red_nether_bricks":1,"minecraft:cracked_stone_bricks":6,"minecraft:gold_nugget":12,"minecraft:cobbled_deepslate":19,"minecraft:bucket":2,"minecraft:beef":37,"minecraft:oak_boat":4,"minecraft:iron_pickaxe":1,"minecraft:wooden_shovel":1,"minecraft:poppy":6,"minecraft:coal_block":4,"minecraft:chest":4,"minecraft:birch_sapling":1,"minecraft:copper_ore":5,"minecraft:egg":2,"minecraft:dark_oak_sapling":28,"minecraft:raw_iron":72,"minecraft:stick":76,"minecraft:stone":45,"minecraft:raw_gold_block":22,"minecraft:oak_fence":7,"byg:anthracite":10,"minecraft:torch":62,"minecraft:bowl":1,"minecraft:porkchop":23,"tombstone:grave_dust":4,"minecraft:diorite":9,"minecraft:carrot":22,"byg:brimstone":40,"byg:embur_lily":1,"minecraft:arrow":25,"minecraft:rotten_flesh":31,"minecraft:nether_bricks":11,"securitycraft:keypad_door_item":1,"minecraft:mutton":48,"minecraft:iron_bars":7,"minecraft:white_wool":36,"minecraft:cobblestone":84,"minecraft:lime_bed":2,"minecraft:feather":6,"minecraft:cooked_beef":6,"minecraft:salmon":2,"minecraft:leather":42,"minecraft:brown_wool":1,"minecraft:flint":4,"minecraft:oak_log":65,"minecraft:chainmail_chestplate":1,"minecraft:gunpowder":10,"minecraft:dirt":324,"minecraft:lantern":6,"tombstone:gift":1,"byg:cyan_amaranth":1,"untamedwilds:flora_junegrass":3,"minecraft:bone":36,"minecraft:apple":3,"minecraft:stone_bricks":29,"untamedwilds:material_fat":5,"minecraft:bow":3,"minecraft:wheat_seeds":18,"minecraft:raw_gold":28,"minecraft:rabbit_hide":3,"minecraft:iron_ingot":1,"minecraft:iron_ore":21,"minecraft:cobweb":2,"minecraft:glass_bottle":1,"byg:jacaranda_log":58,"minecraft:stone_hoe":1,"minecraft:oak_planks":11,"minecraft:soul_sand":1,"minecraft:book":21,"minecraft:emerald_block":1,"minecraft:music_disc_13":1,"minecraft:pumpkin":2,"minecraft:quartz":8,"minecraft:raw_iron_block":28,"minecraft:gravel":23,"minecraft:sand":67,"minecraft:nether_brick_stairs":2,"minecraft:ink_sac":3,"minecraft:white_bed":3,"minecraft:spruce_log":3,"minecraft:fermented_spider_eye":1,"minecraft:gold_ore":28,"minecraft:dark_oak_log":68,"minecraft:spider_eye":2,"minecraft:leather_helmet":1,"byg:lament_log":3,"minecraft:bundle":1,"travelersbackpack:standard":4,"minecraft:purple_bed":3,"minecraft:coal_ore":20,"minecraft:diamond":2,"minecraft:deepslate":102,"minecraft:chainmail_leggings":1,"minecraft:granite":1,"byg:foragers_table":1,"minecraft:white_concrete":3,"minecraft:gray_wool":4,"minecraft:emerald":13,"minecraft:baked_potato":10,"minecraft:oak_sapling":10,"minecraft:netherrack":3,"minecraft:black_wool":2,"minecraft:coal":46},"minecraft:used":{"minecraft:oak_fence":1,"minecraft:iron_bars":1,"minecraft:iron_shovel":220,"minecraft:flint_and_steel":6,"minecraft:chest":4,"minecraft:shield":31,"minecraft:iron_sword":166,"minecraft:stone":45,"securitycraft:keypad_door_item":1,"minecraft:wooden_shovel":151,"minecraft:stone_hoe":9,"minecraft:rotten_flesh":63,"minecraft:torch":86,"minecraft:dirt":135,"minecraft:mutton":1,"securitycraft:keypad_item":2,"byg:lush_dirt":26,"minecraft:spruce_boat":1,"minecraft:wooden_axe":75,"minecraft:lava_bucket":14,"minecraft:coal_ore":20,"minecraft:lantern":5,"minecraft:iron_axe":247,"minecraft:oak_stairs":1,"minecraft:copper_ore":5,"minecraft:stone_bricks":32,"minecraft:beef":5,"minecraft:bow":51,"minecraft:furnace":1,"untamedwilds:material_fat":2,"tombstone:gift":6,"minecraft:potato":21,"minecraft:cooked_beef":9,"minecraft:pumpkin":2,"minecraft:water_bucket":3,"byg:foragers_table":1,"minecraft:iron_ore":21,"byg:brimstone":26,"minecraft:oak_planks":62,"minecraft:stone_pickaxe":128,"minecraft:wooden_pickaxe":43,"minecraft:gold_ore":28,"minecraft:cracked_stone_bricks":3,"minecraft:golden_apple":2,"minecraft:sand":10,"minecraft:lime_bed":2,"minecraft:tnt":3,"minecraft:crafting_table":8,"minecraft:white_bed":4,"minecraft:oak_log":3,"minecraft:apple":5,"minecraft:dark_oak_log":6,"minecraft:iron_pickaxe":631,"minecraft:deepslate":20,"minecraft:wooden_sword":58,"minecraft:purple_bed":2,"minecraft:potion":1,"travelersbackpack:standard":25,"minecraft:porkchop":8,"minecraft:bucket":19,"minecraft:oak_boat":5,"minecraft:cobweb":5},"minecraft:mined":{"minecraft:white_bed":3,"untamedwilds:flora_junegrass":6,"byg:embur_lily":1,"minecraft:dark_oak_log":86,"minecraft:granite":1,"minecraft:grass_block":124,"byg:jacaranda_log":63,"minecraft:coal_block":4,"minecraft:spawner":13,"minecraft:raw_iron_block":28,"minecraft:raw_gold_block":22,"minecraft:iron_ore":89,"minecraft:fire":1,"minecraft:pumpkin":2,"byg:boric_fire":18,"minecraft:gold_block":2,"minecraft:bookshelf":7,"minecraft:dirt_path":17,"minecraft:deepslate_iron_ore":1,"byg:anthracite_ore":5,"minecraft:iron_bars":5,"minecraft:lantern":6,"minecraft:stone":114,"travelersbackpack:standard":4,"minecraft:oak_fence":7,"byg:brimstone":58,"minecraft:crafting_table":4,"minecraft:torch":19,"minecraft:emerald_ore":13,"minecraft:poppy":6,"minecraft:chest":5,"minecraft:campfire":2,"minecraft:copper_ore":11,"minecraft:tall_grass":22,"minecraft:deepslate_coal_ore":2,"minecraft:oak_planks":10,"minecraft:wall_torch":11,"minecraft:diorite":9,"byg:lush_grass_block":9,"minecraft:purple_bed":3,"minecraft:lime_bed":2,"byg:soapstone":15,"byg:brimstone_nether_quartz_ore":8,"byg:lush_dirt":25,"byg:cyan_amaranth":1,"byg:foragers_table":1,"minecraft:ice":3,"minecraft:spruce_log":3,"minecraft:grass":111,"minecraft:coal_ore":64,"minecraft:oak_log":66,"minecraft:gravel":27,"minecraft:sand":67,"byg:lament_log":4,"minecraft:dirt":10,"byg:aspen_leaves":1,"byg:brimstone_nether_gold_ore":4,"minecraft:cobweb":5,"minecraft:cracked_stone_bricks":8,"minecraft:stone_bricks":3,"minecraft:netherrack":4,"minecraft:gold_ore":56,"minecraft:mossy_stone_bricks":1,"minecraft:oak_leaves":1,"minecraft:deepslate":119,"minecraft:emerald_block":1,"minecraft:fern":1},"minecraft:dropped":{"minecraft:stone_hoe":2,"minecraft:brown_mushroom":4,"minecraft:cooked_beef":6,"minecraft:baked_potato":10,"minecraft:glass_bottle":1,"byg:brimstone":14,"minecraft:cobblestone":23,"minecraft:flint":3,"minecraft:stick":27,"minecraft:gray_wool":1,"minecraft:ink_sac":3,"minecraft:torch":23,"byg:soapstone":7,"minecraft:potion":2,"minecraft:sand":11,"minecraft:white_wool":18,"minecraft:bucket":2,"minecraft:bone":41,"minecraft:gravel":23,"comforts:sleeping_bag_red":1,"minecraft:iron_nugget":17,"minecraft:cobbled_deepslate":17,"minecraft:deepslate":82,"minecraft:salmon":1,"minecraft:carrot":33,"minecraft:suspicious_stew":1,"minecraft:flint_and_steel":2,"minecraft:rabbit_hide":2,"minecraft:stone_pickaxe":1,"minecraft:quartz":8}},"DataVersion":2975}