{"stats":{"minecraft:picked_up":{"minecraft:crafting_table":2,"minecraft:clay_ball":7,"minecraft:leather_leggings":1,"minecraft:brown_wool":1,"minecraft:leather":3,"minecraft:brown_mushroom":4,"minecraft:oak_stairs":1,"minecraft:potion":2,"minecraft:oak_log":23,"minecraft:chainmail_chestplate":1,"minecraft:shield":1,"minecraft:brick":8,"minecraft:gunpowder":6,"minecraft:dirt":4,"minecraft:string":6,"minecraft:lantern":5,"minecraft:bone":12,"minecraft:stone_bricks":3,"minecraft:cracked_stone_bricks":5,"minecraft:bow":2,"minecraft:wheat_seeds":1,"minecraft:rabbit_hide":3,"minecraft:beef":5,"minecraft:cobweb":2,"minecraft:iron_pickaxe":1,"minecraft:stone_hoe":1,"minecraft:oak_planks":10,"minecraft:pumpkin":2,"minecraft:torch":4,"minecraft:porkchop":11,"tombstone:grave_dust":1,"minecraft:white_bed":1,"minecraft:carrot":22,"minecraft:leather_helmet":1,"minecraft:bundle":1,"minecraft:arrow":20,"minecraft:rotten_flesh":9,"minecraft:chainmail_leggings":1,"minecraft:gray_wool":2,"minecraft:baked_potato":10,"minecraft:coal":11,"minecraft:oak_sapling":4,"minecraft:iron_bars":5,"minecraft:black_wool":1,"minecraft:mutton":22,"minecraft:white_wool":21,"minecraft:cobblestone":4},"minecraft:killed_by":{"minecraft:skeleton":1,"minecraft:zombie":1},"minecraft:custom":{"minecraft:interact_with_furnace":1,"minecraft:mob_kills":49,"minecraft:interact_with_crafting_table":11,"minecraft:open_barrel":3,"minecraft:eat_cake_slice":7,"minecraft:leave_game":2,"minecraft:time_since_death":18383,"minecraft:time_since_rest":18408,"minecraft:damage_taken":1628,"minecraft:walk_one_cm":301770,"minecraft:damage_blocked_by_shield":400,"minecraft:drop":14,"minecraft:damage_dealt":4451,"minecraft:fly_one_cm":3492,"minecraft:open_chest":42,"minecraft:play_time":50241,"tombstone:undead_killed":19,"minecraft:deaths":2,"minecraft:sneak_time":9,"minecraft:walk_under_water_one_cm":4049,"minecraft:jump":381,"minecraft:walk_on_water_one_cm":15941,"minecraft:total_world_time":50241,"minecraft:fall_one_cm":2957},"minecraft:used":{"minecraft:iron_bars":1,"minecraft:stone_pickaxe":54,"minecraft:oak_planks":49,"minecraft:shield":4,"minecraft:chest":1,"minecraft:wooden_pickaxe":43,"minecraft:stone_hoe":9,"minecraft:rotten_flesh":2,"minecraft:cracked_stone_bricks":3,"minecraft:torch":15,"minecraft:dirt":1,"minecraft:crafting_table":4,"minecraft:white_bed":1,"minecraft:oak_log":2,"minecraft:wooden_axe":75,"minecraft:apple":1,"minecraft:dark_oak_log":2,"minecraft:lantern":5,"minecraft:wooden_sword":58,"minecraft:bow":34,"minecraft:beef":5,"minecraft:porkchop":8,"tombstone:gift":4,"minecraft:cooked_beef":4,"minecraft:potato":21,"minecraft:pumpkin":2},"minecraft:broken":{"minecraft:leather_helmet":1,"minecraft:wooden_sword":1,"minecraft:leather_leggings":1,"minecraft:wooden_axe":2,"minecraft:wooden_pickaxe":1},"minecraft:dropped":{"minecraft:stone_hoe":2,"minecraft:brown_mushroom":4,"minecraft:baked_potato":10,"minecraft:carrot":33,"minecraft:rabbit_hide":2,"minecraft:potion":2,"minecraft:white_wool":18,"minecraft:bone":40},"minecraft:mined":{"minecraft:white_bed":1,"minecraft:crafting_table":2,"minecraft:grass_block":2,"minecraft:oak_planks":10,"minecraft:spawner":12,"minecraft:ice":3,"minecraft:pumpkin":2,"minecraft:grass":4,"minecraft:oak_log":21,"minecraft:coal_ore":10,"minecraft:iron_bars":5,"minecraft:lantern":5,"minecraft:dirt":2,"minecraft:cracked_stone_bricks":5,"minecraft:stone":4,"minecraft:stone_bricks":2},"minecraft:crafted":{"minecraft:wooden_sword":1,"minecraft:oak_planks":84,"minecraft:wooden_shovel":1,"minecraft:crafting_table":2,"minecraft:stick":24,"minecraft:stone_pickaxe":1,"minecraft:wooden_axe":1,"minecraft:chest":1,"minecraft:white_bed":1},"minecraft:killed":{"minecraft:pig":5,"minecraft:spider":4,"minecraft:sheep":17,"minecraft:skeleton":14,"minecraft:zombie":5,"minecraft:cow":3}},"DataVersion":2975}