{"stats":{"minecraft:crafted":{"minecraft:oak_planks":248,"minecraft:glass":37,"minecraft:chest":2,"minecraft:wooden_shovel":1,"minecraft:emerald":9,"minecraft:cooked_porkchop":3,"minecraft:crafting_table":4,"minecraft:spruce_planks":12,"travelersbackpack:standard":2,"minecraft:red_wool":5,"travelersbackpack:red_sleeping_bag":2,"minecraft:stick":80,"minecraft:iron_ingot":94,"minecraft:iron_pickaxe":2,"minecraft:gold_ingot":18,"comforts:sleeping_bag_red":1,"minecraft:wooden_sword":1,"minecraft:raw_iron":252,"minecraft:coal":36,"comforts:sleeping_bag_white":1,"minecraft:furnace":1,"minecraft:flint_and_steel":1,"minecraft:iron_axe":1,"minecraft:stone_pickaxe":1,"minecraft:spruce_boat":1,"minecraft:red_dye":6,"travelersbackpack:backpack_tank":4,"securitycraft:reinforced_stone":8,"minecraft:oak_boat":2,"minecraft:white_wool":1,"minecraft:raw_gold":198,"minecraft:wooden_axe":1,"minecraft:iron_shovel":2,"minecraft:white_bed":1},"minecraft:custom":{"minecraft:interact_with_crafting_table":70,"minecraft:open_barrel":3,"minecraft:eat_cake_slice":7,"minecraft:leave_game":4,"minecraft:time_since_death":160032,"minecraft:sprint_one_cm":973,"minecraft:damage_blocked_by_shield":1595,"minecraft:drop":42,"minecraft:talked_to_villager":3,"minecraft:play_time":410880,"minecraft:deaths":6,"minecraft:jump":3224,"minecraft:walk_on_water_one_cm":158827,"minecraft:interact_with_furnace":40,"minecraft:sleep_in_bed":11,"minecraft:damage_dealt":17156,"tombstone:undead_killed":37,"minecraft:horse_one_cm":993667,"minecraft:mob_kills":133,"minecraft:climb_one_cm":865,"minecraft:walk_one_cm":1736904,"minecraft:sneak_time":893,"minecraft:walk_under_water_one_cm":113116,"minecraft:boat_one_cm":956294,"minecraft:total_world_time":410880,"tombstone:raider_killed":2,"minecraft:time_since_rest":5926,"minecraft:damage_taken":5225,"minecraft:damage_absorbed":40,"minecraft:swim_one_cm":917,"minecraft:fly_one_cm":20866,"minecraft:open_chest":101,"minecraft:fall_one_cm":43209},"minecraft:dropped":{"minecraft:brown_mushroom":4,"minecraft:cooked_beef":6,"minecraft:baked_potato":10,"minecraft:glass_bottle":1,"minecraft:flint":3,"minecraft:sand":11,"minecraft:white_wool":18,"minecraft:bone":41,"minecraft:gravel":23,"comforts:sleeping_bag_red":1,"minecraft:iron_nugget":17,"minecraft:cobbled_deepslate":17,"minecraft:salmon":1,"minecraft:carrot":33,"minecraft:rabbit_hide":2,"minecraft:quartz":8,"minecraft:stone_hoe":2,"byg:brimstone":14,"minecraft:cobblestone":23,"minecraft:stick":27,"minecraft:gray_wool":1,"minecraft:ink_sac":3,"minecraft:torch":23,"byg:soapstone":7,"minecraft:potion":2,"minecraft:bucket":2,"minecraft:deepslate":82,"minecraft:suspicious_stew":1,"minecraft:flint_and_steel":2,"minecraft:stone_pickaxe":1},"minecraft:broken":{"minecraft:golden_helmet":1,"minecraft:wooden_shovel":1,"minecraft:leather_leggings":2,"minecraft:chainmail_chestplate":1,"minecraft:wooden_sword":1,"minecraft:wooden_axe":2,"minecraft:leather_helmet":1,"minecraft:wooden_pickaxe":1,"minecraft:iron_axe":1,"minecraft:leather_boots":1,"minecraft:iron_pickaxe":2},"minecraft:killed":{"minecraft:cave_spider":1,"minecraft:spider":5,"minecraft:skeleton":20,"minecraft:chicken":2,"minecraft:pig":11,"untamedwilds:boar":1,"minecraft:creeper":1,"minecraft:sheep":39,"untamedwilds:bear":2,"minecraft:pillager":1,"minecraft:zombie":14,"untamedwilds:bison":13,"minecraft:cow":14,"untamedwilds:opossum":2,"minecraft:drowned":3,"minecraft:squid":2},"minecraft:picked_up":{"byg:lush_dirt":34,"minecraft:suspicious_stew":1,"minecraft:oak_stairs":2,"minecraft:potion":3,"minecraft:string":13,"minecraft:raw_copper":20,"minecraft:red_nether_bricks":1,"minecraft:gold_nugget":12,"minecraft:cobbled_deepslate":19,"minecraft:bucket":2,"minecraft:azalea":1,"minecraft:wooden_shovel":1,"minecraft:iron_pickaxe":1,"minecraft:coal_block":4,"minecraft:stick":77,"minecraft:oak_fence":7,"minecraft:torch":62,"byg:anthracite":10,"minecraft:porkchop":23,"tombstone:grave_dust":4,"minecraft:diorite":9,"minecraft:rotten_flesh":31,"minecraft:iron_bars":7,"minecraft:snowball":1,"minecraft:cobblestone":100,"minecraft:feather":6,"minecraft:cooked_beef":6,"minecraft:brown_wool":1,"minecraft:flint":4,"minecraft:lantern":6,"minecraft:dirt":324,"untamedwilds:flora_junegrass":3,"minecraft:bone":56,"minecraft:bow":3,"minecraft:wheat_seeds":19,"minecraft:raw_gold":28,"minecraft:stone_hoe":1,"minecraft:oak_planks":11,"minecraft:music_disc_13":1,"minecraft:sand":85,"untamedwilds:hide_bear_white":2,"minecraft:nether_brick_stairs":2,"minecraft:ink_sac":3,"minecraft:fermented_spider_eye":1,"minecraft:dark_oak_log":68,"byg:lament_log":3,"minecraft:bundle":1,"minecraft:diamond":2,"minecraft:deepslate":102,"minecraft:spruce_boat":5,"minecraft:granite":1,"byg:foragers_table":1,"minecraft:white_concrete":3,"minecraft:emerald":13,"minecraft:oak_sapling":10,"minecraft:netherrack":3,"minecraft:charcoal":4,"minecraft:crafting_table":4,"byg:soapstone":8,"minecraft:chicken":2,"minecraft:clay_ball":7,"minecraft:leather_leggings":1,"minecraft:brown_mushroom":4,"untamedwilds:flora_canola":1,"minecraft:gold_block":2,"byg:indigo_jacaranda_sapling":4,"minecraft:shield":1,"minecraft:brick":8,"untamedwilds:food_bear_raw":5,"minecraft:flint_and_steel":1,"minecraft:cracked_stone_bricks":6,"minecraft:beef":48,"minecraft:oak_boat":4,"minecraft:poppy":6,"minecraft:chest":4,"minecraft:birch_sapling":1,"untamedwilds:hide_bear_ashen":2,"minecraft:egg":2,"minecraft:copper_ore":5,"minecraft:dark_oak_sapling":28,"minecraft:raw_iron":72,"minecraft:sandstone":4,"minecraft:stone":45,"minecraft:raw_gold_block":22,"minecraft:bowl":1,"minecraft:carrot":22,"byg:brimstone":40,"byg:embur_lily":1,"minecraft:arrow":25,"minecraft:nether_bricks":11,"securitycraft:keypad_door_item":1,"minecraft:mutton":52,"byg:rocky_stone":1,"minecraft:white_wool":40,"minecraft:lime_bed":2,"minecraft:salmon":2,"minecraft:leather":61,"minecraft:oak_log":65,"minecraft:chainmail_chestplate":1,"minecraft:gunpowder":10,"tombstone:gift":1,"byg:cyan_amaranth":1,"minecraft:apple":3,"minecraft:stone_bricks":29,"untamedwilds:material_fat":15,"minecraft:rabbit_hide":4,"minecraft:iron_ingot":1,"minecraft:cobweb":2,"minecraft:iron_ore":21,"minecraft:glass_bottle":1,"byg:jacaranda_log":58,"minecraft:soul_sand":1,"minecraft:book":21,"minecraft:emerald_block":1,"minecraft:pumpkin":2,"minecraft:quartz":8,"minecraft:raw_iron_block":28,"minecraft:gravel":23,"minecraft:spruce_sapling":1,"minecraft:white_bed":3,"minecraft:spruce_log":3,"minecraft:gold_ore":28,"minecraft:spider_eye":2,"minecraft:leather_helmet":1,"travelersbackpack:standard":4,"minecraft:coal_ore":20,"minecraft:purple_bed":7,"minecraft:chainmail_leggings":1,"minecraft:gray_wool":4,"minecraft:baked_potato":10,"minecraft:black_wool":3,"minecraft:coal":46},"minecraft:killed_by":{"minecraft:creeper":2,"minecraft:zombie":1,"minecraft:skeleton":2},"minecraft:mined":{"minecraft:white_bed":3,"minecraft:granite":1,"minecraft:grass_block":124,"minecraft:coal_block":4,"minecraft:spawner":13,"minecraft:raw_iron_block":28,"minecraft:iron_ore":89,"minecraft:fire":1,"minecraft:pumpkin":2,"byg:boric_fire":18,"minecraft:dirt_path":17,"minecraft:iron_bars":5,"minecraft:azalea":1,"minecraft:torch":19,"byg:brimstone":58,"minecraft:poppy":6,"minecraft:chest":5,"minecraft:oak_planks":10,"minecraft:wall_torch":11,"byg:lush_grass_block":9,"minecraft:seagrass":1,"byg:soapstone":15,"byg:brimstone_nether_quartz_ore":8,"byg:cyan_amaranth":1,"byg:foragers_table":1,"minecraft:grass":115,"minecraft:oak_log":66,"byg:lament_log":4,"minecraft:sand":85,"minecraft:dirt":10,"byg:aspen_leaves":1,"minecraft:netherrack":4,"minecraft:oak_leaves":1,"minecraft:deepslate":119,"minecraft:emerald_block":1,"untamedwilds:flora_junegrass":6,"byg:embur_lily":1,"minecraft:dark_oak_log":86,"byg:jacaranda_log":63,"minecraft:sandstone":4,"minecraft:raw_gold_block":22,"minecraft:gold_block":2,"minecraft:bookshelf":7,"byg:anthracite_ore":5,"minecraft:deepslate_iron_ore":1,"minecraft:lantern":6,"minecraft:stone":130,"travelersbackpack:standard":4,"minecraft:oak_fence":7,"minecraft:crafting_table":4,"minecraft:emerald_ore":13,"minecraft:campfire":2,"minecraft:tall_grass":22,"minecraft:copper_ore":11,"minecraft:deepslate_coal_ore":2,"minecraft:diorite":9,"minecraft:purple_bed":7,"minecraft:lime_bed":2,"byg:lush_dirt":25,"minecraft:ice":5,"minecraft:spruce_log":3,"minecraft:black_wool":1,"minecraft:coal_ore":64,"minecraft:gravel":27,"byg:brimstone_nether_gold_ore":4,"minecraft:cobweb":5,"minecraft:cracked_stone_bricks":8,"minecraft:stone_bricks":3,"minecraft:mossy_stone_bricks":1,"minecraft:gold_ore":56,"minecraft:fern":1},"minecraft:used":{"minecraft:iron_shovel":239,"minecraft:chest":4,"minecraft:shield":31,"minecraft:stone":45,"minecraft:iron_sword":232,"minecraft:rotten_flesh":63,"minecraft:mutton":1,"securitycraft:keypad_item":2,"minecraft:spruce_boat":5,"minecraft:lava_bucket":14,"minecraft:coal_ore":20,"minecraft:lantern":5,"minecraft:copper_ore":5,"minecraft:stone_bricks":32,"minecraft:bow":51,"minecraft:furnace":1,"untamedwilds:material_fat":11,"minecraft:potato":21,"byg:foragers_table":1,"minecraft:stone_pickaxe":128,"minecraft:oak_planks":62,"minecraft:wooden_pickaxe":43,"minecraft:sandstone":4,"minecraft:golden_apple":2,"minecraft:sand":10,"minecraft:dark_oak_log":6,"minecraft:bread":4,"minecraft:deepslate":20,"minecraft:wooden_sword":58,"minecraft:oak_boat":5,"minecraft:cobweb":5,"minecraft:azalea":1,"minecraft:oak_fence":1,"minecraft:iron_bars":1,"minecraft:flint_and_steel":6,"minecraft:spruce_planks":1,"securitycraft:keypad_door_item":1,"minecraft:wooden_shovel":151,"minecraft:stone_hoe":9,"minecraft:torch":88,"minecraft:dirt":180,"byg:lush_dirt":26,"minecraft:wooden_axe":75,"minecraft:iron_axe":247,"minecraft:oak_stairs":1,"minecraft:beef":5,"tombstone:gift":6,"minecraft:cooked_beef":10,"minecraft:pumpkin":2,"minecraft:water_bucket":3,"minecraft:iron_ore":21,"byg:brimstone":26,"minecraft:gold_ore":28,"minecraft:cracked_stone_bricks":3,"minecraft:crafting_table":8,"minecraft:tnt":3,"minecraft:lime_bed":2,"minecraft:white_bed":4,"minecraft:oak_log":3,"minecraft:black_wool":1,"minecraft:apple":5,"minecraft:iron_pickaxe":651,"minecraft:cobblestone":16,"minecraft:potion":1,"travelersbackpack:standard":25,"minecraft:purple_bed":7,"minecraft:porkchop":8,"minecraft:bucket":19,"minecraft:gray_wool":1}},"DataVersion":2975}