{"stats":{"minecraft:picked_up":{"minecraft:crafting_table":2,"minecraft:leather_leggings":1,"minecraft:brown_wool":1,"minecraft:leather":3,"minecraft:oak_log":21,"minecraft:chainmail_chestplate":1,"minecraft:dirt":4,"minecraft:string":4,"minecraft:lantern":5,"minecraft:bone":11,"minecraft:stone_bricks":2,"minecraft:cracked_stone_bricks":4,"minecraft:bow":2,"minecraft:wheat_seeds":1,"minecraft:beef":5,"minecraft:oak_planks":6,"minecraft:pumpkin":2,"minecraft:porkchop":11,"tombstone:grave_dust":1,"minecraft:white_bed":1,"minecraft:leather_helmet":1,"minecraft:bundle":1,"minecraft:arrow":14,"minecraft:rotten_flesh":2,"minecraft:chainmail_leggings":1,"minecraft:gray_wool":2,"minecraft:coal":10,"minecraft:oak_sapling":4,"minecraft:iron_bars":4,"minecraft:black_wool":1,"minecraft:mutton":22,"minecraft:white_wool":12,"minecraft:cobblestone":4},"minecraft:killed_by":{"minecraft:skeleton":1,"minecraft:zombie":1},"minecraft:custom":{"minecraft:interact_with_furnace":1,"minecraft:mob_kills":42,"minecraft:interact_with_crafting_table":10,"minecraft:open_barrel":3,"minecraft:eat_cake_slice":4,"minecraft:leave_game":2,"minecraft:time_since_death":6383,"minecraft:time_since_rest":6408,"minecraft:damage_taken":1537,"minecraft:walk_one_cm":230110,"minecraft:damage_dealt":4413,"minecraft:fly_one_cm":2748,"minecraft:open_chest":24,"minecraft:play_time":38241,"tombstone:undead_killed":14,"minecraft:deaths":2,"minecraft:sneak_time":9,"minecraft:walk_under_water_one_cm":4049,"minecraft:jump":353,"minecraft:walk_on_water_one_cm":14750,"minecraft:total_world_time":38241,"minecraft:fall_one_cm":2688},"minecraft:used":{"minecraft:stone_pickaxe":40,"minecraft:oak_planks":46,"minecraft:chest":1,"minecraft:wooden_pickaxe":43,"minecraft:stone_hoe":9,"minecraft:rotten_flesh":2,"minecraft:cracked_stone_bricks":3,"minecraft:torch":5,"minecraft:dirt":1,"minecraft:crafting_table":3,"minecraft:white_bed":1,"minecraft:wooden_axe":75,"minecraft:dark_oak_log":2,"minecraft:lantern":5,"minecraft:wooden_sword":58,"minecraft:bow":7,"minecraft:beef":5,"minecraft:porkchop":8,"tombstone:gift":4,"minecraft:cooked_beef":4,"minecraft:potato":21,"minecraft:pumpkin":2},"minecraft:broken":{"minecraft:leather_helmet":1,"minecraft:wooden_sword":1,"minecraft:leather_leggings":1,"minecraft:wooden_axe":2,"minecraft:wooden_pickaxe":1},"minecraft:mined":{"minecraft:white_bed":1,"minecraft:crafting_table":2,"minecraft:grass_block":2,"minecraft:oak_planks":6,"minecraft:spawner":6,"minecraft:ice":3,"minecraft:pumpkin":2,"minecraft:grass":4,"minecraft:oak_log":21,"minecraft:coal_ore":10,"minecraft:iron_bars":4,"minecraft:lantern":5,"minecraft:dirt":2,"minecraft:cracked_stone_bricks":4,"minecraft:stone":4,"minecraft:stone_bricks":2},"minecraft:crafted":{"minecraft:wooden_sword":1,"minecraft:oak_planks":84,"minecraft:wooden_shovel":1,"minecraft:crafting_table":2,"minecraft:stick":24,"minecraft:stone_pickaxe":1,"minecraft:wooden_axe":1,"minecraft:chest":1,"minecraft:white_bed":1},"minecraft:killed":{"minecraft:pig":5,"minecraft:spider":2,"minecraft:sheep":17,"minecraft:skeleton":11,"minecraft:zombie":3,"minecraft:cow":3}},"DataVersion":2975}