{"stats":{"minecraft:dropped":{"byg:biomepedia":1},"minecraft:custom":{"minecraft:jump":17,"minecraft:time_since_rest":4112,"minecraft:damage_dealt":2,"minecraft:leave_game":3,"minecraft:play_time":4112,"minecraft:walk_on_water_one_cm":3431,"minecraft:time_since_death":4112,"minecraft:walk_one_cm":8744,"minecraft:sneak_time":10,"minecraft:total_world_time":4112,"minecraft:walk_under_water_one_cm":1031,"minecraft:fall_one_cm":418,"minecraft:drop":1},"minecraft:picked_up":{"minecraft:egg":1}},"DataVersion":2975}