{"stats":{"minecraft:crafted":{"comforts:sleeping_bag_red":1,"minecraft:wooden_sword":1,"minecraft:oak_planks":152,"minecraft:raw_iron":45,"comforts:sleeping_bag_white":1,"minecraft:flint_and_steel":1,"minecraft:glass":37,"minecraft:iron_axe":1,"minecraft:stone_pickaxe":1,"minecraft:chest":2,"minecraft:red_dye":6,"minecraft:wooden_shovel":1,"minecraft:cooked_porkchop":3,"minecraft:crafting_table":3,"travelersbackpack:backpack_tank":4,"travelersbackpack:standard":2,"minecraft:red_wool":5,"travelersbackpack:red_sleeping_bag":2,"minecraft:oak_boat":2,"minecraft:white_wool":1,"minecraft:raw_gold":18,"minecraft:stick":80,"minecraft:iron_pickaxe":2,"minecraft:wooden_axe":1,"minecraft:white_bed":1},"minecraft:custom":{"minecraft:mob_kills":70,"minecraft:interact_with_crafting_table":52,"minecraft:open_barrel":3,"minecraft:eat_cake_slice":7,"minecraft:leave_game":3,"minecraft:time_since_death":55423,"minecraft:damage_blocked_by_shield":720,"minecraft:sprint_one_cm":298,"minecraft:walk_one_cm":825728,"minecraft:drop":27,"minecraft:play_time":158141,"minecraft:deaths":3,"minecraft:sneak_time":15,"minecraft:walk_under_water_one_cm":23643,"minecraft:boat_one_cm":165903,"minecraft:jump":1171,"minecraft:walk_on_water_one_cm":43024,"minecraft:total_world_time":158141,"minecraft:interact_with_furnace":13,"tombstone:raider_killed":1,"minecraft:sleep_in_bed":3,"minecraft:time_since_rest":13947,"minecraft:damage_taken":2605,"minecraft:damage_absorbed":40,"minecraft:damage_dealt":6407,"minecraft:fly_one_cm":9561,"minecraft:open_chest":77,"tombstone:undead_killed":22,"minecraft:fall_one_cm":18626,"minecraft:horse_one_cm":993667},"minecraft:dropped":{"minecraft:stone_hoe":2,"minecraft:brown_mushroom":4,"minecraft:cooked_beef":6,"minecraft:baked_potato":10,"minecraft:glass_bottle":1,"minecraft:flint":3,"minecraft:stick":27,"minecraft:gray_wool":1,"minecraft:torch":23,"minecraft:potion":2,"minecraft:white_wool":18,"minecraft:bucket":2,"minecraft:bone":41,"comforts:sleeping_bag_red":1,"minecraft:iron_nugget":17,"minecraft:carrot":33,"minecraft:suspicious_stew":1,"minecraft:flint_and_steel":1,"minecraft:rabbit_hide":2,"minecraft:stone_pickaxe":1},"minecraft:killed":{"minecraft:cave_spider":1,"minecraft:spider":5,"minecraft:skeleton":14,"minecraft:chicken":1,"minecraft:pig":5,"minecraft:creeper":1,"minecraft:sheep":28,"minecraft:zombie":8,"untamedwilds:bison":2,"minecraft:cow":4},"minecraft:broken":{"minecraft:leather_helmet":1,"minecraft:leather_leggings":1,"minecraft:wooden_pickaxe":1,"minecraft:chainmail_chestplate":1,"minecraft:wooden_sword":1,"minecraft:leather_boots":1,"minecraft:wooden_axe":2},"minecraft:picked_up":{"minecraft:charcoal":4,"minecraft:crafting_table":4,"byg:soapstone":1,"minecraft:chicken":1,"minecraft:clay_ball":7,"minecraft:suspicious_stew":1,"minecraft:leather_leggings":1,"minecraft:brown_mushroom":4,"minecraft:oak_stairs":2,"minecraft:potion":3,"minecraft:shield":1,"minecraft:brick":8,"minecraft:string":13,"minecraft:raw_copper":20,"minecraft:flint_and_steel":1,"minecraft:red_nether_bricks":1,"minecraft:cracked_stone_bricks":6,"minecraft:cobbled_deepslate":2,"minecraft:bucket":2,"minecraft:beef":5,"minecraft:oak_boat":1,"minecraft:wooden_shovel":1,"minecraft:poppy":6,"minecraft:iron_pickaxe":1,"minecraft:chest":4,"minecraft:birch_sapling":1,"minecraft:egg":2,"minecraft:copper_ore":5,"minecraft:stick":35,"minecraft:raw_iron":58,"minecraft:stone":45,"minecraft:raw_gold_block":2,"minecraft:oak_fence":7,"minecraft:torch":60,"minecraft:bowl":1,"minecraft:porkchop":11,"tombstone:grave_dust":2,"minecraft:diorite":9,"minecraft:carrot":22,"minecraft:arrow":20,"minecraft:rotten_flesh":23,"minecraft:nether_bricks":11,"minecraft:mutton":38,"minecraft:iron_bars":7,"minecraft:white_wool":31,"minecraft:cobblestone":4,"minecraft:lime_bed":2,"minecraft:feather":4,"minecraft:cooked_beef":6,"minecraft:brown_wool":1,"minecraft:leather":10,"minecraft:oak_log":65,"minecraft:chainmail_chestplate":1,"minecraft:gunpowder":10,"minecraft:dirt":4,"minecraft:lantern":6,"minecraft:bone":13,"minecraft:stone_bricks":29,"minecraft:bow":2,"minecraft:wheat_seeds":2,"minecraft:raw_gold":22,"minecraft:rabbit_hide":3,"minecraft:iron_ingot":1,"minecraft:cobweb":2,"minecraft:iron_ore":21,"minecraft:glass_bottle":1,"minecraft:stone_hoe":1,"minecraft:oak_planks":11,"minecraft:soul_sand":1,"minecraft:book":21,"minecraft:pumpkin":2,"minecraft:music_disc_13":1,"minecraft:raw_iron_block":5,"minecraft:sand":37,"minecraft:nether_brick_stairs":2,"minecraft:white_bed":2,"minecraft:fermented_spider_eye":1,"minecraft:gold_ore":22,"minecraft:spider_eye":2,"minecraft:leather_helmet":1,"minecraft:bundle":1,"travelersbackpack:standard":1,"minecraft:coal_ore":20,"minecraft:diamond":2,"minecraft:deepslate":20,"minecraft:chainmail_leggings":1,"minecraft:granite":1,"byg:foragers_table":1,"minecraft:gray_wool":3,"minecraft:oak_sapling":10,"minecraft:baked_potato":10,"minecraft:netherrack":2,"minecraft:black_wool":1,"minecraft:coal":11},"minecraft:killed_by":{"minecraft:creeper":1,"minecraft:skeleton":1,"minecraft:zombie":1},"minecraft:mined":{"minecraft:white_bed":2,"minecraft:granite":1,"minecraft:grass_block":2,"minecraft:spawner":13,"minecraft:raw_iron_block":6,"minecraft:raw_gold_block":2,"minecraft:iron_ore":80,"minecraft:pumpkin":2,"minecraft:bookshelf":7,"minecraft:iron_bars":5,"minecraft:lantern":6,"minecraft:stone":49,"travelersbackpack:standard":1,"minecraft:oak_fence":7,"minecraft:crafting_table":4,"minecraft:torch":19,"minecraft:poppy":6,"minecraft:chest":5,"minecraft:campfire":2,"minecraft:tall_grass":1,"minecraft:copper_ore":11,"minecraft:oak_planks":10,"minecraft:wall_torch":10,"minecraft:diorite":9,"minecraft:lime_bed":2,"byg:foragers_table":1,"minecraft:ice":3,"minecraft:grass":8,"minecraft:oak_log":66,"minecraft:coal_ore":30,"minecraft:sand":38,"minecraft:dirt":2,"minecraft:cobweb":5,"minecraft:cracked_stone_bricks":8,"minecraft:stone_bricks":3,"minecraft:mossy_stone_bricks":1,"minecraft:gold_ore":44,"minecraft:oak_leaves":1,"minecraft:deepslate":20},"minecraft:used":{"minecraft:oak_fence":1,"minecraft:iron_bars":1,"minecraft:flint_and_steel":2,"minecraft:chest":1,"minecraft:shield":8,"minecraft:stone":45,"minecraft:iron_sword":47,"minecraft:wooden_shovel":19,"minecraft:stone_hoe":9,"minecraft:rotten_flesh":24,"minecraft:torch":79,"minecraft:dirt":1,"minecraft:wooden_axe":75,"minecraft:lantern":5,"minecraft:iron_axe":67,"minecraft:oak_stairs":1,"minecraft:copper_ore":5,"minecraft:stone_bricks":32,"minecraft:beef":5,"minecraft:bow":46,"tombstone:gift":4,"minecraft:cooked_beef":4,"minecraft:potato":21,"minecraft:pumpkin":2,"minecraft:water_bucket":1,"minecraft:iron_ore":21,"minecraft:stone_pickaxe":128,"minecraft:oak_planks":62,"minecraft:wooden_pickaxe":43,"minecraft:gold_ore":22,"minecraft:cracked_stone_bricks":3,"minecraft:golden_apple":2,"minecraft:tnt":3,"minecraft:lime_bed":1,"minecraft:crafting_table":7,"minecraft:white_bed":2,"minecraft:oak_log":3,"minecraft:apple":2,"minecraft:dark_oak_log":2,"minecraft:iron_pickaxe":224,"minecraft:deepslate":20,"minecraft:wooden_sword":58,"minecraft:potion":1,"travelersbackpack:standard":4,"minecraft:porkchop":8,"minecraft:bucket":3,"minecraft:oak_boat":2,"minecraft:cobweb":5}},"DataVersion":2975}