{"stats":{"minecraft:crafted":{"minecraft:oak_planks":56,"minecraft:purple_bed":1,"byg:zelkova_planks":748,"minecraft:diamond_shovel":1,"securitycraft:keypad_item":9,"minecraft:bookshelf":12,"minecraft:heavy_weighted_pressure_plate":9,"minecraft:cooked_mutton":20,"securitycraft:laser_block":3,"minecraft:dark_oak_door":3,"minecraft:quartz_block":100,"minecraft:glass":20,"byg:zelkova_slab":18,"minecraft:bow":1,"minecraft:diamond_helmet":1,"minecraft:diamond_leggings":1,"minecraft:iron_boots":1,"travelersbackpack:purple_sleeping_bag":1,"minecraft:chest":9,"minecraft:iron_door":9,"minecraft:emerald":47,"minecraft:cooked_porkchop":9,"minecraft:crafting_table":11,"byg:zelkova_button":4,"minecraft:spruce_planks":32,"securitycraft:reinforced_stone_button":73,"travelersbackpack:standard":1,"minecraft:wooden_pickaxe":1,"minecraft:iron_helmet":1,"minecraft:birch_planks":20,"minecraft:campfire":2,"minecraft:spruce_trapdoor":4,"modernlife:deluxe_bed":1,"byg:holly_planks":12,"minecraft:iron_chestplate":1,"minecraft:diamond_pickaxe":1,"minecraft:purple_dye":6,"minecraft:shield":2,"minecraft:stick":840,"minecraft:iron_ingot":178,"minecraft:iron_pickaxe":6,"minecraft:iron_block":3,"minecraft:stone_sword":1,"minecraft:gold_ingot":12,"minecraft:composter":2,"securitycraft:universal_block_reinforcer_lvl1":2,"minecraft:purple_wool":5,"minecraft:oak_door":3,"minecraft:redstone":18,"minecraft:raw_iron":27,"minecraft:coal":18,"modernlife:dark_oak_deck":5,"minecraft:furnace":9,"minecraft:bone_meal":147,"minecraft:pink_dye":1,"minecraft:glass_pane":32,"minecraft:flint_and_steel":4,"minecraft:white_concrete_powder":64,"minecraft:iron_axe":2,"minecraft:iron_hoe":1,"minecraft:stone_pickaxe":3,"minecraft:cobblestone_wall":6,"minecraft:diamond_boots":1,"minecraft:redstone_block":14,"minecraft:dark_oak_planks":64,"securitycraft:universal_key_changer":1,"minecraft:wheat":63,"minecraft:cooked_beef":26,"minecraft:diamond_sword":2,"securitycraft:universal_block_modifier":1,"minecraft:dark_oak_stairs":4,"byg:zelkova_trapdoor":2,"minecraft:enchanting_table":1,"travelersbackpack:backpack_tank":2,"minecraft:iron_sword":2,"byg:zelkova_crafting_table":5,"minecraft:bucket":4,"byg:zelkova_boat":1,"minecraft:stone_axe":1,"minecraft:bread":55,"securitycraft:reinforced_stone":73,"minecraft:oak_boat":2,"securitycraft:door_indestructible_iron_item":4,"minecraft:white_dye":21,"minecraft:raw_gold":9,"minecraft:wooden_axe":2,"minecraft:iron_shovel":2,"minecraft:anvil":1,"minecraft:torch":356,"minecraft:lapis_lazuli":27,"minecraft:lapis_block":54,"minecraft:diamond_chestplate":1},"minecraft:custom":{"minecraft:interact_with_crafting_table":242,"minecraft:open_barrel":8,"goblintraders:trade_with_goblin":58,"minecraft:leave_game":21,"minecraft:time_since_death":77130,"minecraft:damage_blocked_by_shield":3430,"minecraft:sprint_one_cm":1517616,"minecraft:drop":59,"minecraft:talked_to_villager":42,"minecraft:play_time":935560,"minecraft:deaths":6,"minecraft:jump":9640,"minecraft:walk_on_water_one_cm":194904,"minecraft:enchant_item":5,"minecraft:interact_with_furnace":111,"minecraft:play_record":3,"minecraft:traded_with_villager":22,"minecraft:interact_with_cartography_table":1,"minecraft:sleep_in_bed":22,"minecraft:damage_dealt":36556,"minecraft:crouch_one_cm":252,"tombstone:undead_killed":147,"minecraft:horse_one_cm":7899,"minecraft:interact_with_anvil":24,"minecraft:mob_kills":231,"minecraft:climb_one_cm":9684,"minecraft:walk_one_cm":2965063,"minecraft:sneak_time":579,"minecraft:walk_under_water_one_cm":120094,"minecraft:boat_one_cm":694516,"minecraft:total_world_time":935560,"minecraft:time_since_rest":3569,"minecraft:damage_taken":17062,"minecraft:damage_absorbed":40,"minecraft:swim_one_cm":203765,"minecraft:fly_one_cm":1153298,"minecraft:open_chest":230,"minecraft:fall_one_cm":164230},"minecraft:dropped":{"byg:biomepedia":1,"minecraft:oak_log":1,"minecraft:glass_bottle":3,"byg:lush_dirt":2,"minecraft:dirt":46,"minecraft:gold_nugget":3,"minecraft:sand":1,"tombstone:familiar_receptacle":2,"minecraft:gravel":1,"minecraft:obsidian":1,"tombstone:gift":1,"minecraft:oak_planks":1,"securitycraft:reinforced_cobbled_deepslate":1,"minecraft:iron_bars":3,"minecraft:arrow":5,"minecraft:crying_obsidian":1,"minecraft:quartz":4,"minecraft:netherrack":9,"minecraft:egg":1,"minecraft:iron_ingot":3,"minecraft:cobblestone":6,"minecraft:granite":3,"minecraft:diorite":15,"minecraft:torch":1,"minecraft:wooden_axe":1,"tombstone:grave_dust":3,"byg:kovan_flower":2,"securitycraft:keypad_door_item":1,"minecraft:clay_ball":50,"minecraft:andesite":7,"minecraft:mossy_stone_bricks":1,"tombstone:essence_of_undeath":2,"byg:dacite_cobblestone":1},"minecraft:broken":{"minecraft:iron_shovel":1,"minecraft:leather_leggings":1,"minecraft:stone_pickaxe":1,"minecraft:stone_axe":1,"securitycraft:universal_block_reinforcer_lvl1":1,"minecraft:iron_pickaxe":4},"minecraft:killed":{"minecraft:cave_spider":1,"minecraft:spider":7,"minecraft:skeleton":48,"minecraft:chicken":6,"minecraft:silverfish":2,"minecraft:pig":5,"minecraft:creeper":1,"minecraft:sheep":25,"minecraft:zombie":90,"minecraft:mooshroom":2,"minecraft:stray":5,"untamedwilds:bison":1,"untamedwilds:snake":2,"minecraft:cow":14,"minecraft:drowned":2,"minecraft:wither_skeleton":2,"minecraft:enderman":5},"minecraft:picked_up":{"minecraft:iron_chestplate":1,"minecraft:wheat":104,"byg:alpine_bellflower":5,"minecraft:redstone_block":11,"byg:lush_dirt":177,"minecraft:anvil":4,"minecraft:enchanted_book":1,"minecraft:amethyst_block":2,"byg:crocus":7,"securitycraft:reinforced_white_concrete":59,"minecraft:lapis_block":13,"minecraft:music_disc_cat":2,"minecraft:string":7,"minecraft:soul_soil":2,"minecraft:iron_leggings":1,"minecraft:cobbled_deepslate":419,"minecraft:gold_nugget":44,"minecraft:spruce_planks":4,"minecraft:calcite":1,"minecraft:iron_pickaxe":1,"minecraft:coal_block":2,"minecraft:furnace":6,"byg:zelkova_sapling":50,"byg:zelkova_planks":4,"minecraft:stick":42,"minecraft:jukebox":1,"minecraft:composter":1,"modernlife:deluxe_bed":3,"minecraft:torch":263,"minecraft:spruce_stairs":4,"minecraft:porkchop":9,"tombstone:grave_dust":12,"minecraft:diorite":59,"byg:kovan_flower":8,"minecraft:quartz_block":48,"minecraft:rotten_flesh":63,"minecraft:tropical_fish":1,"securitycraft:reinforced_cobbled_deepslate":246,"modernlife:dark_oak_deck":1,"minecraft:obsidian":61,"minecraft:iron_bars":30,"minecraft:cobblestone":1036,"minecraft:birch_log":5,"minecraft:enchanting_table":3,"minecraft:magma_block":131,"minecraft:feather":6,"minecraft:cooked_beef":4,"minecraft:andesite":58,"minecraft:orange_carpet":6,"minecraft:brown_wool":1,"minecraft:golden_leggings":1,"minecraft:potato":1,"minecraft:flint":15,"minecraft:tuff":28,"minecraft:lapis_lazuli":579,"minecraft:dirt":438,"tombstone:familiar_receptacle":1,"byg:zelkova_button":7,"untamedwilds:flora_junegrass":1,"minecraft:glass":8,"minecraft:bone":108,"byg:zelkova_crafting_table":8,"minecraft:bow":3,"minecraft:wheat_seeds":330,"minecraft:raw_gold":3,"minecraft:mossy_stone_bricks":1,"minecraft:oak_planks":1,"minecraft:music_disc_13":1,"minecraft:sand":130,"minecraft:nether_brick_stairs":1,"minecraft:ink_sac":3,"byg:iris":5,"securitycraft:reinforced_stone":3,"minecraft:diamond_block":4,"minecraft:dark_oak_log":22,"minecraft:diamond":83,"byg:pink_anemone":14,"minecraft:deepslate":1,"minecraft:granite":25,"minecraft:white_concrete":59,"minecraft:emerald":68,"minecraft:bread":1,"byg:zelkova_slab":4,"minecraft:oak_sapling":10,"minecraft:netherrack":1449,"minecraft:crafting_table":14,"byg:soapstone":208,"securitycraft:reinforced_quartz_block":93,"minecraft:chicken":6,"minecraft:clay_ball":22,"minecraft:leather_leggings":2,"minecraft:brown_mushroom":3,"untamedwilds:flora_canola":1,"securitycraft:reinforced_glass_pane":8,"minecraft:flint_and_steel":2,"minecraft:cracked_stone_bricks":1,"minecraft:cartography_table":1,"byg:zelkova_log":371,"minecraft:beef":34,"minecraft:oak_boat":5,"minecraft:poppy":1,"minecraft:light_gray_wool":1,"minecraft:chest":5,"minecraft:spruce_trapdoor":19,"minecraft:egg":10,"minecraft:dark_oak_sapling":7,"minecraft:raw_iron":126,"securitycraft:reinforced_cobblestone":124,"minecraft:raw_gold_block":3,"minecraft:oak_door":1,"untamedwilds:flora_bush_temperate":6,"minecraft:spruce_fence":1,"minecraft:redstone":123,"byg:brimstone":126,"minecraft:dark_oak_planks":4,"minecraft:tnt":2,"byg:embur_lily":1,"minecraft:arrow":42,"minecraft:diamond_chestplate":1,"minecraft:nether_bricks":15,"minecraft:hay_block":7,"tombstone:essence_of_undeath":2,"minecraft:mutton":32,"minecraft:white_wool":22,"minecraft:lime_bed":2,"minecraft:leather":16,"minecraft:oak_log":23,"byg:white_anemone":8,"minecraft:golden_boots":2,"minecraft:nether_wart_block":1,"minecraft:gunpowder":2,"byg:dacite_cobblestone":2,"tombstone:gift":1,"minecraft:cooked_mutton":5,"minecraft:apple":4,"minecraft:stone_bricks":1,"untamedwilds:material_fat":2,"minecraft:iron_ingot":3,"minecraft:soul_sand":1,"minecraft:dark_oak_stairs":8,"minecraft:book":36,"minecraft:smooth_basalt":3,"minecraft:emerald_block":14,"byg:zelkova_trapdoor":3,"minecraft:quartz":429,"minecraft:raw_iron_block":3,"minecraft:gravel":93,"minecraft:amethyst_shard":72,"minecraft:spruce_sapling":1,"byg:zelkova_boat":1,"minecraft:spruce_log":11,"travelersbackpack:purple_sleeping_bag":1,"minecraft:crying_obsidian":1,"minecraft:spider_eye":5,"byg:holly_log":3,"minecraft:leather_helmet":1,"travelersbackpack:wolf":1,"travelersbackpack:standard":1,"minecraft:purple_bed":3,"minecraft:white_concrete_powder":1,"minecraft:light_blue_carpet":2,"minecraft:baked_potato":4,"tombstone:magic_scroll":6,"securitycraft:door_indestructible_iron_item":1,"minecraft:coal":227,"minecraft:ender_pearl":4},"minecraft:killed_by":{"minecraft:creeper":2,"minecraft:zombie":2,"minecraft:skeleton":2},"minecraft:mined":{"minecraft:dark_oak_planks":4,"minecraft:spruce_planks":4,"byg:zelkova_planks":4,"minecraft:farmland":5,"minecraft:obsidian":59,"minecraft:spruce_trapdoor":19,"minecraft:granite":28,"minecraft:grass_block":341,"minecraft:white_concrete":62,"minecraft:coal_block":9,"minecraft:soul_soil":2,"minecraft:composter":1,"minecraft:spawner":53,"minecraft:tall_seagrass":1,"minecraft:magma_block":206,"byg:iris":4,"minecraft:iron_ore":77,"minecraft:cobbled_deepslate":1,"minecraft:fire":20,"minecraft:anvil":4,"byg:boric_fire":11,"byg:lament_leaves":2,"minecraft:enchanting_table":3,"minecraft:dark_oak_stairs":8,"minecraft:dirt_path":49,"minecraft:iron_bars":32,"byg:overgrown_netherrack":14,"minecraft:deepslate_redstone_ore":38,"minecraft:quartz_block":49,"minecraft:amethyst_cluster":18,"minecraft:clay":17,"minecraft:torch":145,"byg:brimstone":118,"byg:zelkova_button":6,"minecraft:calcite":2,"byg:podzol_dacite":2,"minecraft:chest":6,"minecraft:nether_quartz_ore":382,"minecraft:cobblestone":26,"minecraft:sugar_cane":1,"byg:magmatic_stone":26,"byg:zelkova_slab":2,"minecraft:wall_torch":105,"byg:lush_grass_block":143,"minecraft:amethyst_block":5,"byg:pink_anemone":11,"byg:soapstone":229,"minecraft:warped_nylium":17,"byg:brimstone_nether_quartz_ore":41,"minecraft:nether_wart_block":1,"minecraft:lapis_block":13,"minecraft:birch_log":5,"minecraft:wheat":107,"byg:kovan_flower":7,"minecraft:jukebox":1,"minecraft:grass":606,"minecraft:oak_log":32,"minecraft:sand":126,"minecraft:dirt":228,"untamedwilds:flora_canola":2,"minecraft:smooth_basalt":3,"minecraft:netherrack":2105,"travelersbackpack:purple_sleeping_bag":1,"minecraft:deepslate":440,"minecraft:emerald_block":14,"modernlife:deluxe_bed":3,"minecraft:crying_obsidian":1,"minecraft:nether_gold_ore":14,"minecraft:diamond_ore":51,"minecraft:tuff":21,"byg:clover_patch":20,"untamedwilds:flora_junegrass":1,"minecraft:mossy_cobblestone":1,"minecraft:deepslate_diamond_ore":33,"minecraft:oak_door":1,"minecraft:dark_oak_log":36,"byg:zelkova_log":393,"byg:holly_log":3,"minecraft:nether_bricks":13,"byg:zelkova_trapdoor":3,"minecraft:spruce_fence":1,"minecraft:cartography_table":1,"minecraft:white_concrete_powder":1,"minecraft:large_fern":2,"minecraft:hay_block":14,"byg:zelkova_crafting_table":7,"minecraft:redstone_ore":9,"byg:crocus":8,"minecraft:furnace":7,"byg:lush_grass_path":6,"minecraft:raw_gold_block":3,"minecraft:andesite":63,"minecraft:diamond_block":4,"minecraft:bookshelf":12,"minecraft:deepslate_iron_ore":7,"byg:anthracite_ore":5,"minecraft:vine":2,"byg:white_anemone":7,"minecraft:stone":1024,"minecraft:redstone_block":11,"travelersbackpack:standard":1,"minecraft:crafting_table":14,"untamedwilds:flora_bush_temperate":6,"minecraft:emerald_ore":43,"minecraft:copper_ore":1,"minecraft:tall_grass":46,"minecraft:lapis_ore":98,"minecraft:deepslate_gold_ore":1,"minecraft:diorite":69,"minecraft:spruce_stairs":3,"minecraft:purple_bed":3,"minecraft:birch_planks":1,"minecraft:lime_bed":2,"byg:lush_dirt":101,"modernlife:dark_oak_deck":1,"byg:ebony_log":80,"minecraft:spruce_log":11,"minecraft:birch_leaves":2,"byg:alpine_bellflower":9,"minecraft:mycelium":3,"minecraft:coal_ore":130,"minecraft:gravel":88,"minecraft:cracked_stone_bricks":3,"minecraft:stone_bricks":4,"minecraft:mossy_stone_bricks":1,"minecraft:gold_ore":3,"minecraft:deepslate_emerald_ore":25,"minecraft:fern":2},"minecraft:used":{"tombstone:scroll_of_unstable_intangibility":5,"minecraft:iron_shovel":309,"byg:zelkova_trapdoor":3,"minecraft:white_concrete_powder":65,"minecraft:shield":60,"minecraft:chest":12,"minecraft:iron_sword":721,"minecraft:rotten_flesh":1,"minecraft:soul_sand":1,"securitycraft:keypad_item":7,"minecraft:nether_bricks":11,"minecraft:tuff":28,"minecraft:music_disc_13":1,"minecraft:obsidian":49,"minecraft:lava_bucket":50,"minecraft:quartz_block":55,"securitycraft:universal_key_changer":1,"minecraft:magma_block":26,"minecraft:bow":7,"minecraft:oak_sapling":10,"minecraft:furnace":15,"travelersbackpack:purple_sleeping_bag":1,"byg:zelkova_boat":1,"untamedwilds:material_fat":2,"minecraft:egg":1,"modernlife:dark_oak_deck":6,"minecraft:potato":17,"minecraft:dark_oak_stairs":12,"minecraft:diorite":22,"securitycraft:door_indestructible_iron_item":5,"minecraft:stone_pickaxe":309,"minecraft:ender_pearl":1,"minecraft:wooden_pickaxe":25,"minecraft:composter":3,"securitycraft:reinforced_glass_pane":3,"minecraft:golden_apple":3,"minecraft:sand":39,"modernlife:deluxe_bed":3,"minecraft:bread":60,"byg:zelkova_planks":46,"minecraft:iron_door":2,"minecraft:gravel":25,"minecraft:nether_wart_block":1,"minecraft:diamond_sword":113,"securitycraft:reinforced_cobbled_deepslate":224,"byg:zelkova_crafting_table":12,"minecraft:andesite":3,"minecraft:oak_boat":6,"byg:alpine_bellflower":1,"minecraft:bone_meal":125,"minecraft:iron_bars":1,"minecraft:stone_sword":77,"minecraft:enchanting_table":4,"minecraft:flint_and_steel":72,"minecraft:spruce_planks":14,"securitycraft:keypad_door_item":3,"minecraft:cooked_chicken":1,"minecraft:netherrack":483,"minecraft:oak_door":3,"minecraft:torch":611,"minecraft:dirt":206,"securitycraft:reinforced_quartz_block":93,"minecraft:anvil":5,"minecraft:wheat":2,"byg:pink_anemone":6,"minecraft:cobblestone_wall":6,"minecraft:granite":2,"byg:lush_dirt":64,"minecraft:iron_hoe":615,"minecraft:dark_oak_planks":8,"minecraft:wooden_axe":44,"minecraft:bookshelf":12,"minecraft:iron_axe":345,"securitycraft:universal_block_modifier":2,"tombstone:gift":4,"minecraft:cooked_beef":39,"minecraft:cobbled_deepslate":111,"minecraft:cooked_mutton":17,"minecraft:wheat_seeds":169,"minecraft:water_bucket":46,"byg:brimstone":124,"securitycraft:reinforced_cobblestone":40,"minecraft:glass_bottle":3,"minecraft:cartography_table":1,"byg:zelkova_button":11,"byg:zelkova_slab":4,"minecraft:salmon":2,"minecraft:music_disc_cat":2,"minecraft:lime_bed":2,"minecraft:tnt":2,"minecraft:crafting_table":24,"minecraft:campfire":2,"minecraft:dark_oak_door":1,"minecraft:oak_log":4,"minecraft:diamond_pickaxe":4323,"minecraft:apple":3,"minecraft:diamond_shovel":947,"byg:zelkova_log":30,"minecraft:iron_pickaxe":1569,"minecraft:spruce_trapdoor":19,"tombstone:magic_scroll":5,"byg:soapstone":145,"minecraft:stone_axe":268,"minecraft:cobblestone":325,"minecraft:potion":8,"travelersbackpack:standard":5,"minecraft:purple_bed":2,"securitycraft:reinforced_white_concrete":49,"minecraft:cooked_porkchop":9,"untamedwilds:flora_bush_temperate":1,"minecraft:bucket":97,"minecraft:jukebox":1}},"DataVersion":2975}