{"stats":{"minecraft:custom":{"minecraft:mob_kills":58,"minecraft:interact_with_anvil":1,"minecraft:interact_with_crafting_table":49,"minecraft:open_barrel":8,"goblintraders:trade_with_goblin":51,"minecraft:leave_game":10,"minecraft:time_since_death":128824,"minecraft:climb_one_cm":396,"minecraft:sprint_one_cm":425772,"minecraft:walk_one_cm":706750,"minecraft:damage_blocked_by_shield":1390,"minecraft:drop":17,"minecraft:talked_to_villager":12,"minecraft:play_time":275637,"minecraft:deaths":2,"minecraft:sneak_time":208,"minecraft:walk_under_water_one_cm":38935,"minecraft:boat_one_cm":627972,"minecraft:jump":3174,"minecraft:walk_on_water_one_cm":43591,"minecraft:total_world_time":275637,"minecraft:interact_with_furnace":27,"minecraft:sleep_in_bed":3,"minecraft:time_since_rest":129700,"minecraft:damage_taken":2804,"minecraft:damage_dealt":8396,"minecraft:swim_one_cm":79728,"minecraft:fly_one_cm":353461,"minecraft:open_chest":26,"minecraft:crouch_one_cm":111,"tombstone:undead_killed":29,"minecraft:fall_one_cm":45203,"minecraft:horse_one_cm":7899},"minecraft:dropped":{"byg:biomepedia":1,"minecraft:iron_ingot":3,"minecraft:oak_log":1,"minecraft:dirt":12,"minecraft:gold_nugget":3,"tombstone:familiar_receptacle":2,"minecraft:gravel":1,"tombstone:gift":1,"minecraft:andesite":3,"tombstone:essence_of_undeath":2,"minecraft:arrow":5,"minecraft:crying_obsidian":1},"minecraft:killed_by":{"minecraft:skeleton":2},"minecraft:crafted":{"minecraft:oak_door":3,"minecraft:oak_planks":56,"minecraft:furnace":3,"minecraft:cooked_mutton":12,"minecraft:flint_and_steel":2,"minecraft:quartz_block":7,"minecraft:glass":12,"minecraft:iron_boots":1,"minecraft:stone_pickaxe":3,"minecraft:redstone_block":14,"minecraft:wheat":63,"minecraft:emerald":20,"minecraft:crafting_table":10,"travelersbackpack:backpack_tank":2,"minecraft:wooden_pickaxe":1,"minecraft:iron_helmet":1,"minecraft:iron_sword":1,"minecraft:bucket":1,"minecraft:birch_planks":20,"minecraft:stone_axe":1,"minecraft:bread":21,"minecraft:oak_boat":2,"minecraft:iron_chestplate":1,"minecraft:diamond_pickaxe":1,"minecraft:shield":1,"minecraft:stick":52,"minecraft:iron_ingot":106,"minecraft:iron_pickaxe":6,"minecraft:wooden_axe":1,"minecraft:stone_sword":1,"minecraft:iron_block":3,"minecraft:anvil":1,"minecraft:gold_ingot":3,"minecraft:torch":92,"minecraft:lapis_block":54},"minecraft:killed":{"minecraft:spider":2,"minecraft:skeleton":11,"minecraft:chicken":2,"minecraft:pig":5,"minecraft:sheep":13,"minecraft:zombie":18,"minecraft:mooshroom":2,"minecraft:cow":2},"minecraft:used":{"tombstone:scroll_of_unstable_intangibility":5,"minecraft:stone_sword":77,"minecraft:flint_and_steel":2,"minecraft:chest":1,"minecraft:shield":23,"minecraft:iron_sword":112,"minecraft:netherrack":269,"minecraft:oak_door":3,"minecraft:torch":209,"minecraft:dirt":19,"minecraft:anvil":1,"minecraft:tuff":19,"minecraft:obsidian":17,"minecraft:wooden_axe":20,"minecraft:lava_bucket":6,"minecraft:quartz_block":1,"minecraft:magma_block":26,"minecraft:bow":7,"minecraft:oak_sapling":10,"minecraft:furnace":4,"tombstone:gift":2,"minecraft:egg":1,"minecraft:potato":17,"minecraft:cobbled_deepslate":98,"minecraft:cooked_mutton":12,"minecraft:water_bucket":13,"minecraft:diorite":22,"minecraft:stone_pickaxe":309,"minecraft:wooden_pickaxe":25,"minecraft:salmon":2,"minecraft:crafting_table":18,"minecraft:oak_log":4,"minecraft:diamond_pickaxe":1005,"minecraft:apple":1,"minecraft:bread":36,"minecraft:iron_pickaxe":1314,"tombstone:magic_scroll":1,"minecraft:gravel":7,"minecraft:stone_axe":98,"minecraft:cobblestone":119,"minecraft:bucket":21,"minecraft:oak_boat":4},"minecraft:picked_up":{"minecraft:crafting_table":9,"byg:soapstone":24,"minecraft:redstone_block":11,"minecraft:chicken":2,"minecraft:anvil":1,"minecraft:enchanted_book":1,"minecraft:lapis_block":13,"minecraft:soul_soil":2,"minecraft:gold_nugget":40,"minecraft:cobbled_deepslate":116,"minecraft:beef":8,"minecraft:oak_boat":3,"minecraft:light_gray_wool":1,"minecraft:chest":1,"minecraft:furnace":2,"minecraft:egg":1,"minecraft:raw_gold_block":3,"minecraft:stick":5,"minecraft:raw_iron":76,"minecraft:oak_door":1,"minecraft:torch":138,"minecraft:porkchop":9,"tombstone:grave_dust":2,"minecraft:diorite":53,"minecraft:redstone":123,"byg:embur_lily":1,"minecraft:arrow":12,"minecraft:rotten_flesh":9,"minecraft:hay_block":7,"tombstone:essence_of_undeath":2,"minecraft:obsidian":19,"minecraft:mutton":14,"minecraft:cobblestone":604,"minecraft:white_wool":11,"minecraft:birch_log":5,"minecraft:magma_block":130,"minecraft:feather":2,"minecraft:andesite":28,"minecraft:potato":1,"minecraft:flint":7,"minecraft:tuff":19,"minecraft:oak_log":23,"minecraft:lapis_lazuli":579,"minecraft:dirt":37,"tombstone:familiar_receptacle":1,"tombstone:gift":1,"minecraft:glass":8,"minecraft:bone":17,"minecraft:apple":1,"minecraft:bow":1,"minecraft:wheat_seeds":1,"minecraft:raw_gold":3,"minecraft:quartz":100,"minecraft:gravel":25,"minecraft:sand":20,"minecraft:crying_obsidian":1,"minecraft:diamond":4,"minecraft:granite":11,"minecraft:bread":1,"minecraft:oak_sapling":10,"tombstone:magic_scroll":1,"minecraft:netherrack":775,"minecraft:coal":126},"minecraft:broken":{"minecraft:leather_leggings":1,"minecraft:stone_pickaxe":1,"minecraft:iron_pickaxe":3},"minecraft:mined":{"minecraft:nether_gold_ore":11,"minecraft:crying_obsidian":1,"minecraft:tuff":20,"minecraft:deepslate_diamond_ore":4,"minecraft:oak_door":1,"minecraft:obsidian":20,"minecraft:granite":13,"minecraft:grass_block":8,"minecraft:soul_soil":2,"minecraft:spawner":4,"minecraft:hay_block":14,"minecraft:magma_block":188,"minecraft:redstone_ore":9,"minecraft:furnace":3,"minecraft:raw_gold_block":3,"minecraft:fire":6,"minecraft:iron_ore":75,"minecraft:cobbled_deepslate":1,"minecraft:andesite":29,"minecraft:anvil":1,"minecraft:deepslate_iron_ore":5,"byg:overgrown_netherrack":11,"minecraft:stone":622,"minecraft:deepslate_redstone_ore":38,"minecraft:redstone_block":11,"minecraft:crafting_table":9,"minecraft:torch":71,"minecraft:chest":1,"minecraft:nether_quartz_ore":101,"minecraft:tall_grass":1,"minecraft:copper_ore":1,"minecraft:cobblestone":1,"minecraft:lapis_ore":98,"minecraft:deepslate_gold_ore":1,"minecraft:diorite":55,"minecraft:wall_torch":65,"minecraft:warped_nylium":1,"byg:soapstone":28,"minecraft:birch_log":5,"minecraft:lapis_block":13,"byg:ebony_log":80,"minecraft:birch_leaves":2,"minecraft:grass":4,"minecraft:oak_log":32,"minecraft:coal_ore":60,"minecraft:mycelium":3,"minecraft:gravel":31,"minecraft:sand":21,"minecraft:dirt":24,"minecraft:netherrack":910,"minecraft:gold_ore":3,"minecraft:deepslate":134}},"DataVersion":2975}