{"stats":{"minecraft:picked_up":{"minecraft:crafting_table":6,"byg:soapstone":24,"minecraft:redstone_block":11,"minecraft:chicken":2,"minecraft:enchanted_book":1,"minecraft:lapis_block":13,"minecraft:cobbled_deepslate":115,"minecraft:beef":3,"minecraft:light_gray_wool":1,"minecraft:chest":1,"minecraft:egg":1,"minecraft:furnace":1,"minecraft:stick":5,"minecraft:raw_iron":76,"minecraft:raw_gold_block":3,"minecraft:torch":75,"minecraft:porkchop":9,"minecraft:diorite":53,"minecraft:redstone":123,"minecraft:arrow":12,"minecraft:rotten_flesh":9,"minecraft:hay_block":7,"tombstone:essence_of_undeath":1,"minecraft:mutton":12,"minecraft:cobblestone":603,"minecraft:white_wool":9,"minecraft:birch_log":5,"minecraft:feather":2,"minecraft:andesite":25,"minecraft:potato":1,"minecraft:flint":4,"minecraft:tuff":19,"minecraft:oak_log":23,"minecraft:lapis_lazuli":579,"minecraft:dirt":25,"tombstone:gift":1,"minecraft:bone":8,"minecraft:apple":1,"minecraft:bow":1,"minecraft:wheat_seeds":1,"minecraft:raw_gold":3,"minecraft:gravel":17,"minecraft:diamond":3,"minecraft:granite":11,"minecraft:bread":1,"minecraft:oak_sapling":10,"tombstone:magic_scroll":1,"minecraft:coal":100},"minecraft:killed_by":{"minecraft:skeleton":2},"minecraft:custom":{"minecraft:mob_kills":46,"minecraft:interact_with_anvil":1,"minecraft:interact_with_crafting_table":34,"minecraft:open_barrel":5,"goblintraders:trade_with_goblin":45,"minecraft:leave_game":9,"minecraft:time_since_death":20738,"minecraft:sprint_one_cm":356552,"minecraft:walk_one_cm":433212,"minecraft:damage_blocked_by_shield":800,"minecraft:drop":5,"minecraft:talked_to_villager":12,"minecraft:play_time":167551,"minecraft:deaths":2,"minecraft:sneak_time":65,"minecraft:walk_under_water_one_cm":16460,"minecraft:boat_one_cm":127561,"minecraft:jump":2220,"minecraft:walk_on_water_one_cm":21470,"minecraft:total_world_time":167551,"minecraft:interact_with_furnace":20,"minecraft:sleep_in_bed":3,"minecraft:time_since_rest":21614,"minecraft:damage_taken":1612,"minecraft:damage_dealt":6406,"minecraft:swim_one_cm":27339,"minecraft:fly_one_cm":282909,"minecraft:open_chest":16,"minecraft:crouch_one_cm":6,"tombstone:undead_killed":22,"minecraft:fall_one_cm":34648,"minecraft:horse_one_cm":7899},"minecraft:used":{"tombstone:scroll_of_unstable_intangibility":5,"minecraft:stone_sword":77,"minecraft:chest":1,"minecraft:shield":16,"minecraft:iron_sword":70,"minecraft:torch":135,"minecraft:dirt":19,"minecraft:anvil":1,"minecraft:wooden_axe":20,"minecraft:lava_bucket":1,"minecraft:bow":7,"minecraft:furnace":3,"minecraft:oak_sapling":10,"tombstone:gift":2,"minecraft:egg":1,"minecraft:potato":17,"minecraft:cooked_mutton":6,"minecraft:water_bucket":2,"minecraft:stone_pickaxe":309,"minecraft:wooden_pickaxe":25,"minecraft:salmon":2,"minecraft:crafting_table":13,"minecraft:oak_log":4,"minecraft:diamond_pickaxe":409,"minecraft:apple":1,"minecraft:bread":20,"minecraft:iron_pickaxe":547,"tombstone:magic_scroll":1,"minecraft:stone_axe":98,"minecraft:cobblestone":25,"minecraft:bucket":4,"minecraft:oak_boat":1},"minecraft:broken":{"minecraft:stone_pickaxe":1,"minecraft:iron_pickaxe":1},"minecraft:dropped":{"byg:biomepedia":1,"minecraft:iron_ingot":3,"minecraft:oak_log":1,"tombstone:gift":1,"minecraft:arrow":5},"minecraft:crafted":{"minecraft:oak_planks":56,"minecraft:furnace":2,"minecraft:cooked_mutton":12,"minecraft:iron_boots":1,"minecraft:stone_pickaxe":3,"minecraft:redstone_block":14,"minecraft:wheat":63,"minecraft:emerald":14,"minecraft:crafting_table":7,"minecraft:wooden_pickaxe":1,"minecraft:iron_helmet":1,"minecraft:iron_sword":1,"minecraft:bucket":1,"minecraft:birch_planks":20,"minecraft:stone_axe":1,"minecraft:bread":21,"minecraft:oak_boat":1,"minecraft:iron_chestplate":1,"minecraft:diamond_pickaxe":1,"minecraft:shield":1,"minecraft:stick":52,"minecraft:iron_ingot":95,"minecraft:iron_pickaxe":3,"minecraft:wooden_axe":1,"minecraft:stone_sword":1,"minecraft:iron_block":3,"minecraft:gold_ingot":3,"minecraft:anvil":1,"minecraft:torch":92,"minecraft:lapis_block":54},"minecraft:mined":{"minecraft:tuff":20,"minecraft:deepslate_diamond_ore":3,"minecraft:granite":11,"minecraft:grass_block":7,"minecraft:spawner":3,"minecraft:hay_block":14,"minecraft:redstone_ore":9,"minecraft:furnace":2,"minecraft:raw_gold_block":3,"minecraft:iron_ore":73,"minecraft:andesite":25,"minecraft:deepslate_iron_ore":5,"minecraft:stone":604,"minecraft:deepslate_redstone_ore":38,"minecraft:redstone_block":11,"minecraft:crafting_table":6,"minecraft:torch":49,"minecraft:chest":1,"minecraft:tall_grass":1,"minecraft:copper_ore":1,"minecraft:cobblestone":1,"minecraft:lapis_ore":98,"minecraft:deepslate_gold_ore":1,"minecraft:diorite":53,"minecraft:wall_torch":25,"byg:soapstone":23,"minecraft:birch_log":5,"minecraft:lapis_block":13,"byg:ebony_log":80,"minecraft:birch_leaves":2,"minecraft:grass":4,"minecraft:coal_ore":60,"minecraft:oak_log":32,"minecraft:gravel":21,"minecraft:dirt":18,"minecraft:gold_ore":3,"minecraft:deepslate":132},"minecraft:killed":{"minecraft:spider":1,"minecraft:skeleton":8,"minecraft:chicken":2,"minecraft:pig":5,"minecraft:sheep":11,"minecraft:zombie":14,"minecraft:cow":2}},"DataVersion":2975}