{"stats":{"minecraft:killed":{"minecraft:sheep":11,"minecraft:pig":5,"minecraft:zombie":1,"minecraft:chicken":2,"minecraft:cow":2},"minecraft:custom":{"minecraft:time_since_rest":38004,"minecraft:interact_with_furnace":6,"minecraft:sprint_one_cm":130920,"minecraft:damage_taken":310,"minecraft:walk_one_cm":96688,"minecraft:mob_kills":22,"minecraft:drop":1,"minecraft:damage_dealt":1999,"minecraft:swim_one_cm":22343,"minecraft:interact_with_crafting_table":5,"minecraft:talked_to_villager":7,"minecraft:fly_one_cm":126323,"minecraft:open_barrel":5,"minecraft:open_chest":11,"minecraft:play_time":38004,"tombstone:undead_killed":1,"minecraft:sneak_time":31,"minecraft:walk_under_water_one_cm":10006,"minecraft:jump":655,"minecraft:leave_game":4,"minecraft:time_since_death":38004,"minecraft:walk_on_water_one_cm":5204,"minecraft:total_world_time":38004,"minecraft:fall_one_cm":13493},"minecraft:used":{"minecraft:oak_log":4,"minecraft:wooden_axe":19,"minecraft:stone_sword":48,"minecraft:apple":1,"minecraft:stone_pickaxe":85,"minecraft:wooden_pickaxe":25,"minecraft:torch":3,"minecraft:salmon":2,"minecraft:dirt":18,"minecraft:crafting_table":3,"minecraft:furnace":1,"minecraft:oak_sapling":10,"minecraft:potato":17,"minecraft:cooked_mutton":6},"minecraft:mined":{"minecraft:furnace":1,"minecraft:birch_log":5,"minecraft:iron_ore":1,"minecraft:birch_leaves":2,"minecraft:crafting_table":2,"minecraft:grass":1,"minecraft:grass_block":5,"minecraft:oak_log":15,"minecraft:coal_ore":51,"minecraft:chest":1,"minecraft:dirt":17,"minecraft:stone":34,"minecraft:spawner":1},"minecraft:dropped":{"byg:biomepedia":1},"minecraft:crafted":{"minecraft:oak_planks":24,"minecraft:crafting_table":2,"minecraft:stick":12,"minecraft:wooden_pickaxe":1,"minecraft:stone_pickaxe":1,"minecraft:wooden_axe":1,"minecraft:stone_sword":1,"minecraft:furnace":1,"minecraft:torch":20,"minecraft:cooked_mutton":6},"minecraft:picked_up":{"minecraft:birch_log":5,"minecraft:crafting_table":2,"minecraft:stick":2,"minecraft:raw_iron":1,"minecraft:feather":2,"minecraft:chicken":2,"minecraft:porkchop":9,"minecraft:oak_log":15,"minecraft:dirt":22,"minecraft:beef":3,"minecraft:light_gray_wool":1,"minecraft:oak_sapling":10,"minecraft:white_wool":9,"minecraft:chest":1,"minecraft:mutton":12,"minecraft:coal":88,"minecraft:cobblestone":32,"minecraft:furnace":1,"minecraft:egg":1}},"DataVersion":2975}