{"stats":{"minecraft:picked_up":{"minecraft:birch_log":5,"minecraft:stick":2,"minecraft:crafting_table":2,"minecraft:feather":2,"minecraft:chicken":2,"minecraft:porkchop":9,"minecraft:oak_log":15,"minecraft:dirt":22,"minecraft:beef":3,"minecraft:light_gray_wool":1,"minecraft:oak_sapling":10,"minecraft:raw_iron":1,"minecraft:furnace":1,"minecraft:chest":1,"minecraft:mutton":12,"minecraft:coal":88,"minecraft:egg":1,"minecraft:white_wool":9,"minecraft:cobblestone":32},"minecraft:custom":{"minecraft:time_since_rest":31748,"minecraft:interact_with_furnace":6,"minecraft:sprint_one_cm":125620,"minecraft:damage_taken":310,"minecraft:walk_one_cm":90646,"minecraft:mob_kills":22,"minecraft:drop":1,"minecraft:damage_dealt":1949,"minecraft:talked_to_villager":7,"minecraft:swim_one_cm":22343,"minecraft:interact_with_crafting_table":5,"minecraft:fly_one_cm":117611,"minecraft:open_barrel":5,"minecraft:open_chest":9,"minecraft:play_time":31748,"tombstone:undead_killed":1,"minecraft:sneak_time":31,"minecraft:walk_under_water_one_cm":10006,"minecraft:jump":629,"minecraft:leave_game":1,"minecraft:time_since_death":31748,"minecraft:walk_on_water_one_cm":5204,"minecraft:total_world_time":31748,"minecraft:fall_one_cm":13075},"minecraft:used":{"minecraft:oak_log":4,"minecraft:cooked_mutton":6,"minecraft:wooden_axe":19,"minecraft:stone_sword":47,"minecraft:apple":1,"minecraft:stone_pickaxe":85,"minecraft:wooden_pickaxe":25,"minecraft:torch":3,"minecraft:salmon":2,"minecraft:dirt":18,"minecraft:crafting_table":3,"minecraft:furnace":1,"minecraft:oak_sapling":10,"minecraft:potato":17},"minecraft:dropped":{"byg:biomepedia":1},"minecraft:mined":{"minecraft:furnace":1,"minecraft:iron_ore":1,"minecraft:birch_log":5,"minecraft:birch_leaves":2,"minecraft:crafting_table":2,"minecraft:grass":1,"minecraft:grass_block":5,"minecraft:oak_log":15,"minecraft:coal_ore":51,"minecraft:chest":1,"minecraft:dirt":17,"minecraft:stone":34,"minecraft:spawner":1},"minecraft:crafted":{"minecraft:oak_planks":24,"minecraft:crafting_table":2,"minecraft:stick":12,"minecraft:wooden_pickaxe":1,"minecraft:stone_pickaxe":1,"minecraft:wooden_axe":1,"minecraft:stone_sword":1,"minecraft:furnace":1,"minecraft:torch":20,"minecraft:cooked_mutton":6},"minecraft:killed":{"minecraft:sheep":11,"minecraft:pig":5,"minecraft:zombie":1,"minecraft:chicken":2,"minecraft:cow":2}},"DataVersion":2975}