{"stats":{"minecraft:dropped":{"minecraft:glass_bottle":1},"minecraft:custom":{"minecraft:interact_with_furnace":49,"minecraft:mob_kills":26,"minecraft:interact_with_crafting_table":28,"goblintraders:trade_with_goblin":9,"minecraft:leave_game":10,"minecraft:time_since_death":47245,"minecraft:sleep_in_bed":2,"minecraft:climb_one_cm":553,"minecraft:time_since_rest":18688,"minecraft:sprint_one_cm":140113,"minecraft:damage_taken":1040,"minecraft:walk_one_cm":250266,"minecraft:drop":1,"minecraft:damage_dealt":3002,"minecraft:swim_one_cm":436,"minecraft:fly_one_cm":125149,"minecraft:open_chest":14,"minecraft:play_time":80817,"tombstone:undead_killed":5,"minecraft:deaths":2,"minecraft:sneak_time":8,"minecraft:walk_under_water_one_cm":9362,"minecraft:boat_one_cm":12084,"minecraft:jump":1084,"minecraft:walk_on_water_one_cm":14996,"minecraft:total_world_time":80817,"minecraft:fall_one_cm":27154},"minecraft:broken":{"minecraft:stone_pickaxe":2,"minecraft:stone_axe":1},"minecraft:killed":{"minecraft:pig":8,"minecraft:zombie_villager":1,"minecraft:spider":2,"minecraft:skeleton":1,"minecraft:sheep":6,"minecraft:zombie":3,"minecraft:cow":5},"minecraft:picked_up":{"minecraft:charcoal":1,"minecraft:crafting_table":5,"byg:soapstone":14,"minecraft:feather":2,"minecraft:redstone_block":2,"minecraft:chicken":2,"minecraft:brown_wool":1,"minecraft:leather":6,"byg:pink_allium":2,"minecraft:acacia_wood":1,"minecraft:potato":1,"minecraft:oak_log":107,"minecraft:stone_brick_stairs":6,"byg:orchard_sapling":19,"minecraft:cobblestone_stairs":2,"travelersbackpack:pink_sleeping_bag":3,"minecraft:dirt":125,"minecraft:string":3,"minecraft:bone":4,"minecraft:apple":72,"minecraft:stone_bricks":4,"minecraft:wheat_seeds":1,"minecraft:beef":10,"minecraft:oak_boat":1,"minecraft:oak_planks":28,"minecraft:furnace":2,"minecraft:stick":19,"minecraft:raw_iron":36,"minecraft:torch":9,"minecraft:porkchop":10,"minecraft:sand":15,"minecraft:spider_eye":1,"minecraft:rotten_flesh":6,"minecraft:diamond":9,"minecraft:granite":3,"minecraft:emerald":7,"minecraft:oak_sapling":5,"minecraft:mutton":9,"minecraft:coal":86,"minecraft:white_wool":5,"minecraft:cobblestone":162},"minecraft:mined":{"minecraft:diamond_ore":9,"byg:clover_patch":1,"minecraft:redstone_block":2,"minecraft:oak_sapling":2,"minecraft:cobblestone_stairs":2,"minecraft:crafting_table":5,"minecraft:torch":2,"minecraft:granite":3,"minecraft:emerald_ore":7,"minecraft:grass_block":5,"minecraft:cobblestone":4,"minecraft:wall_torch":6,"byg:pink_allium":3,"minecraft:spawner":5,"byg:soapstone":14,"minecraft:furnace":2,"minecraft:iron_ore":37,"travelersbackpack:pink_sleeping_bag":3,"minecraft:stone_brick_stairs":6,"minecraft:grass":2,"minecraft:oak_log":134,"minecraft:coal_ore":86,"minecraft:gravel":2,"minecraft:sand":15,"minecraft:dirt":122,"minecraft:cracked_stone_bricks":1,"minecraft:stone":162,"minecraft:stone_bricks":4,"byg:white_puffball":1},"minecraft:used":{"minecraft:cooked_mutton":2,"minecraft:water_bucket":4,"minecraft:stone_pickaxe":233,"minecraft:wooden_pickaxe":12,"minecraft:torch":31,"minecraft:dirt":83,"minecraft:crafting_table":8,"travelersbackpack:pink_sleeping_bag":3,"minecraft:granite":3,"minecraft:diamond_pickaxe":137,"minecraft:apple":21,"minecraft:iron_pickaxe":88,"minecraft:stone_axe":135,"minecraft:diamond_sword":54,"minecraft:potion":1,"minecraft:cobblestone":5,"minecraft:furnace":6,"minecraft:oak_sapling":5,"minecraft:bucket":4,"tombstone:gift":2,"minecraft:oak_boat":1,"minecraft:bone_meal":6},"minecraft:crafted":{"minecraft:cooked_beef":10,"minecraft:oak_planks":92,"minecraft:diamond_sword":1,"minecraft:emerald":9,"minecraft:cooked_porkchop":10,"minecraft:crafting_table":3,"minecraft:iron_helmet":1,"minecraft:wooden_pickaxe":1,"minecraft:furnace":4,"minecraft:bone_meal":6,"minecraft:bucket":1,"travelersbackpack:pink_sleeping_bag":1,"minecraft:stone_axe":1,"minecraft:pink_dye":2,"minecraft:cooked_mutton":9,"minecraft:oak_boat":1,"minecraft:glass":15,"minecraft:iron_boots":1,"minecraft:diamond_pickaxe":1,"minecraft:charcoal":3,"minecraft:pink_wool":2,"minecraft:shield":1,"minecraft:stick":36,"minecraft:iron_ingot":25,"minecraft:iron_pickaxe":1,"minecraft:stone_pickaxe":2,"minecraft:iron_leggings":1,"minecraft:torch":80},"minecraft:killed_by":{"minecraft:skeleton":1,"minecraft:creeper":1}},"DataVersion":2975}