{"stats":{"minecraft:picked_up":{"minecraft:feather":2,"minecraft:stick":6,"minecraft:crafting_table":1,"minecraft:raw_iron":8,"byg:soapstone":13,"minecraft:chicken":2,"minecraft:torch":2,"minecraft:potato":1,"minecraft:porkchop":10,"minecraft:oak_log":30,"byg:orchard_sapling":5,"minecraft:string":1,"minecraft:dirt":118,"minecraft:bone":4,"minecraft:rotten_flesh":3,"minecraft:apple":13,"minecraft:diamond":9,"minecraft:wheat_seeds":1,"minecraft:granite":3,"minecraft:emerald":6,"minecraft:oak_sapling":5,"minecraft:coal":33,"minecraft:cobblestone":126},"minecraft:killed_by":{"minecraft:skeleton":1,"minecraft:creeper":1},"minecraft:custom":{"minecraft:time_since_rest":151,"minecraft:interact_with_furnace":7,"minecraft:sprint_one_cm":22222,"minecraft:damage_taken":685,"minecraft:walk_one_cm":105646,"minecraft:mob_kills":9,"minecraft:damage_dealt":1053,"minecraft:interact_with_crafting_table":14,"minecraft:fly_one_cm":22545,"minecraft:play_time":33686,"tombstone:undead_killed":3,"minecraft:deaths":2,"minecraft:walk_under_water_one_cm":3618,"minecraft:jump":306,"minecraft:leave_game":5,"minecraft:time_since_death":114,"minecraft:walk_on_water_one_cm":3732,"minecraft:climb_one_cm":465,"minecraft:total_world_time":33686,"minecraft:fall_one_cm":5871},"minecraft:used":{"minecraft:apple":7,"minecraft:stone_pickaxe":233,"minecraft:iron_pickaxe":45,"minecraft:wooden_pickaxe":12,"minecraft:diamond_sword":14,"minecraft:stone_axe":28,"minecraft:torch":8,"minecraft:dirt":46,"minecraft:cobblestone":5,"minecraft:crafting_table":4,"minecraft:furnace":2,"minecraft:oak_sapling":5,"tombstone:gift":2,"minecraft:granite":3,"minecraft:bone_meal":6},"minecraft:broken":{"minecraft:stone_pickaxe":2},"minecraft:crafted":{"minecraft:oak_planks":28,"minecraft:diamond_sword":1,"minecraft:cooked_porkchop":10,"minecraft:shield":1,"minecraft:crafting_table":3,"minecraft:stick":12,"minecraft:iron_pickaxe":1,"minecraft:wooden_pickaxe":1,"minecraft:iron_ingot":8,"minecraft:stone_pickaxe":2,"minecraft:furnace":2,"minecraft:bucket":1,"minecraft:bone_meal":6,"minecraft:torch":16,"minecraft:stone_axe":1},"minecraft:mined":{"minecraft:diamond_ore":9,"byg:soapstone":13,"minecraft:oak_sapling":2,"minecraft:iron_ore":8,"minecraft:crafting_table":1,"minecraft:granite":3,"minecraft:grass":1,"minecraft:emerald_ore":6,"minecraft:oak_log":31,"minecraft:coal_ore":33,"minecraft:dirt":120,"minecraft:cobblestone":1,"minecraft:stone":126,"minecraft:wall_torch":2},"minecraft:killed":{"minecraft:skeleton":1,"minecraft:pig":6,"minecraft:zombie":1,"minecraft:zombie_villager":1}},"DataVersion":2975}