{"stats":{"minecraft:crafted":{"minecraft:oak_planks":56,"byg:zelkova_planks":512,"minecraft:diamond_shovel":1,"securitycraft:keypad_item":3,"minecraft:bookshelf":2,"minecraft:heavy_weighted_pressure_plate":3,"minecraft:cooked_mutton":12,"minecraft:glass":12,"securitycraft:laser_block":2,"minecraft:dark_oak_door":3,"minecraft:quartz_block":100,"minecraft:bow":1,"minecraft:diamond_helmet":1,"minecraft:diamond_leggings":1,"minecraft:iron_boots":1,"travelersbackpack:purple_sleeping_bag":1,"minecraft:chest":3,"minecraft:iron_door":6,"minecraft:emerald":47,"minecraft:cooked_porkchop":9,"minecraft:crafting_table":11,"byg:zelkova_button":4,"minecraft:spruce_planks":16,"travelersbackpack:standard":1,"securitycraft:reinforced_stone_button":25,"minecraft:wooden_pickaxe":1,"minecraft:iron_helmet":1,"minecraft:birch_planks":20,"byg:holly_planks":12,"minecraft:iron_chestplate":1,"minecraft:diamond_pickaxe":1,"minecraft:purple_dye":5,"minecraft:shield":1,"minecraft:stick":836,"minecraft:iron_ingot":136,"minecraft:iron_pickaxe":6,"minecraft:iron_block":3,"minecraft:stone_sword":1,"minecraft:gold_ingot":12,"securitycraft:universal_block_reinforcer_lvl1":2,"minecraft:oak_door":3,"minecraft:purple_wool":2,"minecraft:redstone":9,"minecraft:coal":18,"modernlife:dark_oak_deck":5,"minecraft:furnace":4,"minecraft:bone_meal":15,"minecraft:pink_dye":1,"minecraft:glass_pane":16,"minecraft:flint_and_steel":4,"minecraft:white_concrete_powder":32,"minecraft:iron_axe":1,"minecraft:stone_pickaxe":3,"minecraft:diamond_boots":1,"minecraft:redstone_block":14,"minecraft:dark_oak_planks":64,"minecraft:wheat":63,"minecraft:cooked_beef":19,"minecraft:diamond_sword":1,"minecraft:dark_oak_stairs":4,"minecraft:enchanting_table":1,"travelersbackpack:backpack_tank":2,"minecraft:iron_sword":2,"byg:zelkova_crafting_table":4,"minecraft:bucket":3,"minecraft:stone_axe":1,"minecraft:bread":21,"securitycraft:reinforced_stone":25,"minecraft:oak_boat":2,"securitycraft:door_indestructible_iron_item":2,"minecraft:white_dye":15,"minecraft:raw_gold":9,"minecraft:wooden_axe":2,"minecraft:iron_shovel":2,"minecraft:anvil":1,"minecraft:torch":292,"minecraft:lapis_lazuli":18,"minecraft:lapis_block":54,"minecraft:diamond_chestplate":1},"minecraft:custom":{"minecraft:interact_with_crafting_table":133,"minecraft:open_barrel":8,"goblintraders:trade_with_goblin":58,"minecraft:leave_game":16,"minecraft:time_since_death":366150,"minecraft:sprint_one_cm":972357,"minecraft:damage_blocked_by_shield":2850,"minecraft:drop":47,"minecraft:talked_to_villager":41,"minecraft:play_time":649230,"minecraft:deaths":4,"minecraft:jump":7192,"minecraft:walk_on_water_one_cm":142635,"minecraft:enchant_item":5,"minecraft:interact_with_furnace":63,"minecraft:traded_with_villager":22,"minecraft:interact_with_cartography_table":1,"minecraft:sleep_in_bed":11,"minecraft:damage_dealt":18489,"minecraft:crouch_one_cm":243,"tombstone:undead_killed":67,"minecraft:horse_one_cm":7899,"minecraft:mob_kills":122,"minecraft:interact_with_anvil":15,"minecraft:climb_one_cm":7777,"minecraft:walk_one_cm":1925441,"minecraft:sneak_time":362,"minecraft:walk_under_water_one_cm":78276,"minecraft:boat_one_cm":651611,"minecraft:total_world_time":649230,"minecraft:time_since_rest":54662,"minecraft:damage_taken":5759,"minecraft:damage_absorbed":40,"minecraft:swim_one_cm":105347,"minecraft:fly_one_cm":802804,"minecraft:open_chest":110,"minecraft:fall_one_cm":123185},"minecraft:dropped":{"byg:biomepedia":1,"minecraft:oak_log":1,"minecraft:glass_bottle":1,"minecraft:dirt":46,"minecraft:gold_nugget":3,"minecraft:sand":1,"tombstone:familiar_receptacle":2,"minecraft:gravel":1,"minecraft:obsidian":1,"tombstone:gift":1,"minecraft:oak_planks":1,"securitycraft:reinforced_cobbled_deepslate":1,"minecraft:arrow":5,"minecraft:crying_obsidian":1,"minecraft:quartz":4,"minecraft:netherrack":9,"minecraft:iron_ingot":3,"minecraft:cobblestone":6,"minecraft:granite":3,"minecraft:diorite":15,"minecraft:torch":1,"minecraft:wooden_axe":1,"byg:kovan_flower":2,"minecraft:clay_ball":50,"minecraft:andesite":7,"minecraft:mossy_stone_bricks":1,"tombstone:essence_of_undeath":2,"byg:dacite_cobblestone":1},"minecraft:killed":{"minecraft:spider":6,"minecraft:skeleton":28,"minecraft:chicken":2,"minecraft:pig":5,"minecraft:creeper":1,"minecraft:sheep":20,"minecraft:zombie":37,"minecraft:mooshroom":2,"minecraft:stray":1,"untamedwilds:bison":1,"untamedwilds:snake":1,"minecraft:cow":11,"minecraft:wither_skeleton":1,"minecraft:enderman":2},"minecraft:broken":{"minecraft:iron_shovel":1,"minecraft:leather_leggings":1,"minecraft:stone_pickaxe":1,"minecraft:stone_axe":1,"minecraft:iron_pickaxe":4},"minecraft:picked_up":{"minecraft:redstone_block":11,"byg:lush_dirt":3,"minecraft:anvil":2,"minecraft:enchanted_book":1,"byg:crocus":6,"securitycraft:reinforced_white_concrete":27,"minecraft:lapis_block":13,"minecraft:string":5,"minecraft:soul_soil":2,"minecraft:cobbled_deepslate":312,"minecraft:gold_nugget":44,"minecraft:coal_block":2,"minecraft:furnace":4,"byg:zelkova_sapling":42,"minecraft:stick":25,"minecraft:torch":175,"minecraft:spruce_stairs":2,"minecraft:porkchop":9,"tombstone:grave_dust":6,"minecraft:diorite":59,"byg:kovan_flower":4,"minecraft:quartz_block":48,"minecraft:rotten_flesh":19,"minecraft:tropical_fish":1,"securitycraft:reinforced_cobbled_deepslate":182,"modernlife:dark_oak_deck":1,"minecraft:obsidian":61,"minecraft:iron_bars":10,"minecraft:cobblestone":909,"minecraft:birch_log":5,"minecraft:magma_block":131,"minecraft:feather":2,"minecraft:cooked_beef":4,"minecraft:andesite":58,"minecraft:brown_wool":1,"minecraft:golden_leggings":1,"minecraft:potato":1,"minecraft:flint":9,"minecraft:tuff":19,"tombstone:familiar_receptacle":1,"minecraft:lapis_lazuli":579,"minecraft:dirt":275,"byg:zelkova_button":7,"untamedwilds:flora_junegrass":1,"minecraft:glass":8,"minecraft:bone":78,"byg:zelkova_crafting_table":4,"minecraft:bow":2,"minecraft:wheat_seeds":1,"minecraft:raw_gold":3,"minecraft:mossy_stone_bricks":1,"minecraft:oak_planks":1,"minecraft:sand":71,"minecraft:nether_brick_stairs":1,"minecraft:ink_sac":3,"byg:iris":5,"minecraft:diamond_block":4,"minecraft:dark_oak_log":22,"minecraft:diamond":57,"byg:pink_anemone":3,"minecraft:deepslate":1,"minecraft:granite":25,"minecraft:white_concrete":27,"minecraft:emerald":68,"minecraft:bread":1,"minecraft:oak_sapling":10,"minecraft:netherrack":1449,"securitycraft:reinforced_quartz_block":93,"minecraft:crafting_table":11,"byg:soapstone":208,"minecraft:chicken":2,"minecraft:clay_ball":22,"minecraft:brown_mushroom":3,"untamedwilds:flora_canola":1,"minecraft:flint_and_steel":2,"minecraft:cartography_table":1,"byg:zelkova_log":267,"minecraft:beef":27,"minecraft:oak_boat":5,"minecraft:poppy":1,"minecraft:light_gray_wool":1,"minecraft:chest":3,"minecraft:spruce_trapdoor":18,"minecraft:egg":2,"minecraft:dark_oak_sapling":7,"minecraft:raw_iron":126,"securitycraft:reinforced_cobblestone":65,"minecraft:raw_gold_block":3,"minecraft:oak_door":1,"minecraft:spruce_fence":1,"minecraft:redstone":123,"byg:brimstone":126,"minecraft:dark_oak_planks":4,"minecraft:tnt":2,"byg:embur_lily":1,"minecraft:arrow":24,"minecraft:nether_bricks":4,"minecraft:hay_block":7,"tombstone:essence_of_undeath":2,"minecraft:mutton":24,"minecraft:white_wool":17,"minecraft:lime_bed":2,"minecraft:leather":12,"minecraft:oak_log":23,"minecraft:golden_boots":2,"byg:white_anemone":1,"minecraft:nether_wart_block":1,"byg:dacite_cobblestone":2,"tombstone:gift":1,"minecraft:cooked_mutton":5,"minecraft:apple":4,"minecraft:stone_bricks":1,"untamedwilds:material_fat":2,"minecraft:soul_sand":1,"minecraft:dark_oak_stairs":8,"minecraft:book":12,"minecraft:emerald_block":14,"minecraft:quartz":429,"minecraft:raw_iron_block":3,"minecraft:gravel":63,"minecraft:spruce_log":4,"travelersbackpack:purple_sleeping_bag":1,"minecraft:crying_obsidian":1,"minecraft:spider_eye":4,"byg:holly_log":3,"minecraft:white_concrete_powder":1,"tombstone:magic_scroll":4,"securitycraft:door_indestructible_iron_item":1,"minecraft:coal":204,"minecraft:ender_pearl":4},"minecraft:killed_by":{"minecraft:creeper":2,"minecraft:skeleton":2},"minecraft:mined":{"minecraft:dark_oak_planks":4,"minecraft:obsidian":59,"minecraft:spruce_trapdoor":18,"minecraft:granite":28,"minecraft:grass_block":239,"minecraft:white_concrete":30,"minecraft:soul_soil":2,"minecraft:coal_block":3,"minecraft:spawner":17,"minecraft:magma_block":206,"byg:iris":4,"minecraft:iron_ore":75,"minecraft:cobbled_deepslate":1,"minecraft:fire":18,"minecraft:anvil":2,"byg:boric_fire":11,"byg:lament_leaves":2,"minecraft:dark_oak_stairs":8,"minecraft:dirt_path":35,"byg:overgrown_netherrack":14,"minecraft:iron_bars":10,"minecraft:deepslate_redstone_ore":38,"minecraft:quartz_block":49,"minecraft:clay":17,"minecraft:torch":87,"byg:brimstone":118,"byg:zelkova_button":6,"minecraft:chest":4,"byg:podzol_dacite":2,"minecraft:nether_quartz_ore":382,"minecraft:cobblestone":22,"byg:magmatic_stone":26,"minecraft:wall_torch":76,"byg:lush_grass_block":1,"byg:pink_anemone":3,"minecraft:warped_nylium":17,"byg:soapstone":214,"byg:brimstone_nether_quartz_ore":41,"minecraft:nether_wart_block":1,"minecraft:lapis_block":13,"minecraft:birch_log":5,"byg:kovan_flower":2,"minecraft:grass":83,"minecraft:oak_log":32,"minecraft:sand":65,"minecraft:dirt":170,"untamedwilds:flora_canola":2,"minecraft:netherrack":2103,"travelersbackpack:purple_sleeping_bag":1,"minecraft:deepslate":330,"minecraft:emerald_block":14,"minecraft:nether_gold_ore":14,"minecraft:diamond_ore":51,"minecraft:crying_obsidian":1,"minecraft:tuff":20,"untamedwilds:flora_junegrass":1,"minecraft:deepslate_diamond_ore":6,"minecraft:oak_door":1,"minecraft:dark_oak_log":36,"byg:zelkova_log":282,"byg:holly_log":3,"minecraft:nether_bricks":1,"minecraft:spruce_fence":1,"minecraft:cartography_table":1,"minecraft:white_concrete_powder":1,"minecraft:hay_block":14,"byg:zelkova_crafting_table":3,"minecraft:redstone_ore":9,"byg:crocus":6,"minecraft:furnace":5,"minecraft:raw_gold_block":3,"minecraft:andesite":63,"minecraft:diamond_block":4,"minecraft:bookshelf":4,"minecraft:deepslate_iron_ore":7,"byg:anthracite_ore":5,"minecraft:vine":1,"minecraft:stone":887,"minecraft:redstone_block":11,"minecraft:crafting_table":11,"minecraft:emerald_ore":43,"minecraft:tall_grass":8,"minecraft:copper_ore":1,"minecraft:deepslate_gold_ore":1,"minecraft:lapis_ore":98,"minecraft:diorite":69,"minecraft:spruce_stairs":2,"minecraft:birch_planks":1,"minecraft:lime_bed":2,"byg:lush_dirt":2,"modernlife:dark_oak_deck":1,"byg:ebony_log":80,"minecraft:spruce_log":4,"minecraft:birch_leaves":2,"minecraft:coal_ore":108,"minecraft:mycelium":3,"minecraft:gravel":48,"minecraft:stone_bricks":4,"minecraft:gold_ore":3,"minecraft:deepslate_emerald_ore":25,"minecraft:fern":1},"minecraft:used":{"tombstone:scroll_of_unstable_intangibility":5,"minecraft:iron_shovel":309,"minecraft:white_concrete_powder":33,"minecraft:chest":4,"minecraft:shield":50,"minecraft:iron_sword":252,"minecraft:rotten_flesh":1,"minecraft:soul_sand":1,"securitycraft:keypad_item":3,"minecraft:tuff":19,"minecraft:obsidian":49,"minecraft:lava_bucket":21,"minecraft:quartz_block":55,"minecraft:magma_block":26,"minecraft:bow":7,"minecraft:oak_sapling":10,"minecraft:furnace":8,"travelersbackpack:purple_sleeping_bag":1,"untamedwilds:material_fat":2,"minecraft:egg":1,"modernlife:dark_oak_deck":6,"minecraft:potato":17,"minecraft:dark_oak_stairs":12,"minecraft:diorite":22,"securitycraft:door_indestructible_iron_item":3,"minecraft:stone_pickaxe":309,"minecraft:ender_pearl":1,"minecraft:wooden_pickaxe":25,"minecraft:golden_apple":3,"minecraft:sand":3,"minecraft:bread":41,"minecraft:iron_door":2,"minecraft:gravel":21,"minecraft:nether_wart_block":1,"minecraft:diamond_sword":46,"securitycraft:reinforced_cobbled_deepslate":145,"byg:zelkova_crafting_table":7,"minecraft:andesite":3,"minecraft:oak_boat":6,"minecraft:enchanting_table":1,"minecraft:stone_sword":77,"minecraft:flint_and_steel":72,"minecraft:cooked_chicken":1,"minecraft:netherrack":483,"minecraft:oak_door":3,"minecraft:torch":427,"minecraft:dirt":85,"securitycraft:reinforced_quartz_block":93,"minecraft:anvil":3,"minecraft:granite":2,"minecraft:dark_oak_planks":8,"minecraft:wooden_axe":44,"minecraft:bookshelf":2,"minecraft:iron_axe":223,"tombstone:gift":4,"minecraft:cooked_beef":17,"minecraft:cobbled_deepslate":111,"minecraft:cooked_mutton":17,"minecraft:water_bucket":22,"byg:brimstone":124,"securitycraft:reinforced_cobblestone":40,"minecraft:cartography_table":1,"byg:zelkova_button":11,"minecraft:salmon":2,"minecraft:lime_bed":2,"minecraft:tnt":2,"minecraft:crafting_table":22,"minecraft:dark_oak_door":1,"minecraft:oak_log":4,"minecraft:diamond_pickaxe":3768,"minecraft:apple":3,"minecraft:diamond_shovel":184,"byg:zelkova_log":30,"minecraft:iron_pickaxe":1569,"tombstone:magic_scroll":4,"minecraft:spruce_trapdoor":14,"byg:soapstone":145,"minecraft:stone_axe":235,"minecraft:cobblestone":275,"minecraft:potion":2,"travelersbackpack:standard":2,"securitycraft:reinforced_white_concrete":21,"minecraft:cooked_porkchop":9,"minecraft:bucket":45}},"DataVersion":2975}