{"stats":{"minecraft:picked_up":{"minecraft:crafting_table":11,"byg:soapstone":162,"minecraft:redstone_block":11,"minecraft:chicken":2,"minecraft:clay_ball":22,"minecraft:anvil":2,"minecraft:enchanted_book":1,"minecraft:lapis_block":13,"minecraft:string":5,"minecraft:soul_soil":2,"minecraft:flint_and_steel":1,"minecraft:gold_nugget":40,"minecraft:cobbled_deepslate":129,"byg:zelkova_log":248,"minecraft:beef":19,"minecraft:oak_boat":5,"minecraft:light_gray_wool":1,"minecraft:chest":1,"minecraft:spruce_trapdoor":1,"minecraft:furnace":4,"minecraft:egg":1,"byg:zelkova_sapling":42,"minecraft:stick":19,"minecraft:raw_iron":81,"minecraft:raw_gold_block":3,"minecraft:oak_door":1,"minecraft:spruce_fence":1,"minecraft:spruce_stairs":2,"minecraft:torch":167,"minecraft:porkchop":9,"tombstone:grave_dust":4,"minecraft:diorite":59,"minecraft:redstone":123,"minecraft:quartz_block":1,"byg:embur_lily":1,"minecraft:arrow":23,"minecraft:rotten_flesh":18,"minecraft:tropical_fish":1,"minecraft:nether_bricks":4,"minecraft:hay_block":7,"tombstone:essence_of_undeath":2,"minecraft:obsidian":33,"minecraft:mutton":24,"minecraft:iron_bars":10,"minecraft:white_wool":17,"minecraft:cobblestone":792,"minecraft:birch_log":5,"minecraft:lime_bed":1,"minecraft:magma_block":131,"minecraft:feather":2,"minecraft:cooked_beef":4,"minecraft:andesite":50,"minecraft:brown_wool":1,"minecraft:leather":5,"minecraft:golden_leggings":1,"minecraft:potato":1,"minecraft:flint":8,"minecraft:tuff":19,"minecraft:oak_log":23,"minecraft:golden_boots":2,"minecraft:nether_wart_block":1,"byg:dacite_cobblestone":2,"minecraft:lapis_lazuli":579,"minecraft:dirt":49,"tombstone:familiar_receptacle":1,"tombstone:gift":1,"minecraft:cooked_mutton":5,"minecraft:glass":8,"minecraft:bone":70,"minecraft:apple":4,"minecraft:stone_bricks":1,"minecraft:bow":2,"minecraft:wheat_seeds":1,"minecraft:raw_gold":3,"minecraft:mossy_stone_bricks":1,"minecraft:oak_planks":1,"minecraft:soul_sand":1,"minecraft:book":6,"minecraft:emerald_block":14,"minecraft:diamond_block":4,"minecraft:quartz":104,"minecraft:gravel":26,"minecraft:sand":20,"minecraft:nether_brick_stairs":1,"byg:iris":5,"minecraft:spruce_log":4,"travelersbackpack:purple_sleeping_bag":1,"minecraft:crying_obsidian":1,"minecraft:spider_eye":4,"byg:holly_log":3,"minecraft:diamond":56,"minecraft:granite":11,"minecraft:emerald":68,"minecraft:bread":1,"tombstone:magic_scroll":3,"minecraft:oak_sapling":10,"minecraft:netherrack":792,"minecraft:coal":179},"minecraft:killed_by":{"minecraft:creeper":2,"minecraft:skeleton":2},"minecraft:custom":{"minecraft:interact_with_anvil":5,"minecraft:mob_kills":106,"minecraft:interact_with_crafting_table":77,"minecraft:open_barrel":8,"goblintraders:trade_with_goblin":51,"minecraft:leave_game":12,"minecraft:time_since_death":122128,"minecraft:climb_one_cm":2355,"minecraft:damage_blocked_by_shield":2485,"minecraft:walk_one_cm":1131950,"minecraft:sprint_one_cm":706790,"minecraft:drop":34,"minecraft:talked_to_villager":37,"minecraft:play_time":405208,"minecraft:sneak_time":297,"minecraft:deaths":4,"minecraft:walk_under_water_one_cm":63662,"minecraft:boat_one_cm":651611,"minecraft:jump":4728,"minecraft:walk_on_water_one_cm":86121,"minecraft:total_world_time":405208,"minecraft:interact_with_furnace":40,"minecraft:traded_with_villager":18,"minecraft:sleep_in_bed":5,"minecraft:time_since_rest":37059,"minecraft:damage_taken":4968,"minecraft:damage_absorbed":40,"minecraft:damage_dealt":15495,"minecraft:swim_one_cm":96164,"minecraft:fly_one_cm":524210,"minecraft:open_chest":85,"minecraft:crouch_one_cm":243,"tombstone:undead_killed":59,"minecraft:fall_one_cm":75037,"minecraft:horse_one_cm":7899},"minecraft:used":{"tombstone:scroll_of_unstable_intangibility":5,"minecraft:stone_sword":77,"minecraft:flint_and_steel":17,"minecraft:chest":2,"minecraft:shield":46,"minecraft:iron_sword":252,"minecraft:cooked_chicken":1,"minecraft:rotten_flesh":1,"minecraft:netherrack":347,"minecraft:oak_door":3,"minecraft:torch":336,"minecraft:soul_sand":1,"minecraft:dirt":19,"minecraft:anvil":3,"minecraft:tuff":19,"minecraft:obsidian":21,"minecraft:wooden_axe":24,"minecraft:lava_bucket":15,"minecraft:iron_axe":147,"minecraft:quartz_block":23,"minecraft:magma_block":26,"minecraft:bow":7,"minecraft:oak_sapling":10,"minecraft:furnace":7,"travelersbackpack:purple_sleeping_bag":1,"tombstone:gift":4,"minecraft:egg":1,"minecraft:potato":17,"minecraft:cooked_beef":12,"minecraft:cobbled_deepslate":98,"minecraft:cooked_mutton":17,"minecraft:water_bucket":20,"minecraft:diorite":22,"minecraft:stone_pickaxe":309,"minecraft:wooden_pickaxe":25,"minecraft:salmon":2,"minecraft:golden_apple":3,"minecraft:crafting_table":22,"minecraft:oak_log":4,"minecraft:diamond_pickaxe":1417,"minecraft:apple":1,"tombstone:magic_scroll":3,"minecraft:bread":39,"minecraft:iron_pickaxe":1569,"minecraft:gravel":8,"byg:soapstone":6,"minecraft:stone_axe":235,"minecraft:nether_wart_block":1,"minecraft:potion":2,"minecraft:cobblestone":218,"travelersbackpack:standard":2,"byg:zelkova_crafting_table":1,"minecraft:andesite":3,"minecraft:bucket":36,"minecraft:oak_boat":6},"minecraft:broken":{"minecraft:leather_leggings":1,"minecraft:stone_pickaxe":1,"minecraft:stone_axe":1,"minecraft:iron_pickaxe":4},"minecraft:dropped":{"byg:biomepedia":1,"minecraft:iron_ingot":3,"minecraft:oak_log":1,"minecraft:glass_bottle":1,"minecraft:cobblestone":6,"minecraft:dirt":12,"minecraft:diorite":15,"minecraft:torch":1,"minecraft:gold_nugget":3,"tombstone:familiar_receptacle":2,"minecraft:gravel":1,"tombstone:gift":1,"minecraft:clay_ball":50,"minecraft:oak_planks":1,"minecraft:andesite":7,"minecraft:mossy_stone_bricks":1,"tombstone:essence_of_undeath":2,"minecraft:arrow":5,"minecraft:crying_obsidian":1,"byg:dacite_cobblestone":1,"minecraft:quartz":4},"minecraft:crafted":{"minecraft:purple_wool":2,"minecraft:oak_door":3,"minecraft:oak_planks":56,"minecraft:redstone":9,"byg:zelkova_planks":512,"minecraft:furnace":4,"minecraft:glass_pane":16,"minecraft:cooked_mutton":12,"minecraft:flint_and_steel":3,"securitycraft:laser_block":1,"minecraft:glass":12,"minecraft:quartz_block":22,"minecraft:bow":1,"minecraft:iron_boots":1,"travelersbackpack:purple_sleeping_bag":1,"minecraft:iron_axe":1,"minecraft:stone_pickaxe":3,"minecraft:chest":2,"minecraft:redstone_block":14,"minecraft:wheat":63,"minecraft:cooked_beef":8,"minecraft:emerald":36,"minecraft:cooked_porkchop":9,"minecraft:crafting_table":11,"minecraft:spruce_planks":16,"minecraft:iron_helmet":1,"travelersbackpack:backpack_tank":2,"minecraft:wooden_pickaxe":1,"travelersbackpack:standard":1,"minecraft:iron_sword":2,"byg:zelkova_crafting_table":1,"minecraft:bucket":3,"minecraft:birch_planks":20,"minecraft:stone_axe":1,"minecraft:bread":21,"minecraft:oak_boat":2,"byg:holly_planks":12,"minecraft:iron_chestplate":1,"minecraft:diamond_pickaxe":1,"minecraft:purple_dye":5,"minecraft:shield":1,"minecraft:raw_gold":9,"minecraft:stick":836,"minecraft:iron_pickaxe":6,"minecraft:iron_ingot":106,"minecraft:wooden_axe":1,"minecraft:iron_block":3,"minecraft:stone_sword":1,"minecraft:gold_ingot":12,"minecraft:anvil":1,"minecraft:torch":156,"securitycraft:universal_block_reinforcer_lvl1":1,"minecraft:lapis_block":54},"minecraft:mined":{"minecraft:nether_gold_ore":11,"minecraft:diamond_ore":51,"minecraft:crying_obsidian":1,"minecraft:tuff":20,"minecraft:deepslate_diamond_ore":5,"minecraft:oak_door":1,"minecraft:spruce_trapdoor":1,"byg:zelkova_log":263,"minecraft:obsidian":32,"byg:holly_log":3,"minecraft:nether_bricks":1,"minecraft:granite":14,"minecraft:spruce_fence":1,"minecraft:grass_block":11,"minecraft:soul_soil":2,"minecraft:spawner":17,"minecraft:hay_block":14,"minecraft:redstone_ore":9,"minecraft:magma_block":189,"minecraft:furnace":5,"byg:iris":4,"minecraft:raw_gold_block":3,"minecraft:iron_ore":75,"minecraft:cobbled_deepslate":1,"minecraft:fire":6,"minecraft:andesite":52,"minecraft:diamond_block":4,"minecraft:anvil":2,"minecraft:bookshelf":2,"minecraft:deepslate_iron_ore":7,"minecraft:vine":1,"byg:overgrown_netherrack":11,"minecraft:iron_bars":10,"minecraft:stone":776,"minecraft:deepslate_redstone_ore":38,"minecraft:redstone_block":11,"minecraft:quartz_block":1,"minecraft:clay":17,"minecraft:crafting_table":11,"minecraft:torch":84,"minecraft:emerald_ore":43,"minecraft:chest":2,"byg:podzol_dacite":2,"minecraft:nether_quartz_ore":101,"minecraft:copper_ore":1,"minecraft:tall_grass":1,"minecraft:cobblestone":15,"minecraft:deepslate_gold_ore":1,"minecraft:lapis_ore":98,"minecraft:diorite":67,"minecraft:wall_torch":72,"minecraft:spruce_stairs":2,"minecraft:lime_bed":1,"minecraft:birch_planks":1,"byg:soapstone":182,"minecraft:warped_nylium":1,"minecraft:nether_wart_block":1,"minecraft:lapis_block":13,"minecraft:birch_log":5,"minecraft:spruce_log":4,"minecraft:birch_leaves":2,"byg:ebony_log":80,"minecraft:grass":4,"minecraft:mycelium":3,"minecraft:oak_log":32,"minecraft:coal_ore":83,"minecraft:gravel":33,"minecraft:sand":21,"minecraft:dirt":28,"minecraft:stone_bricks":4,"minecraft:emerald_block":14,"minecraft:netherrack":926,"minecraft:gold_ore":3,"travelersbackpack:purple_sleeping_bag":1,"minecraft:deepslate_emerald_ore":25,"minecraft:deepslate":164},"minecraft:killed":{"minecraft:spider":6,"minecraft:skeleton":24,"minecraft:chicken":2,"minecraft:pig":5,"minecraft:creeper":1,"minecraft:sheep":20,"minecraft:zombie":33,"minecraft:mooshroom":2,"minecraft:stray":1,"untamedwilds:bison":1,"minecraft:wither_skeleton":1,"minecraft:cow":6}},"DataVersion":2975}