{"stats":{"minecraft:picked_up":{"minecraft:crafting_table":8,"byg:soapstone":24,"minecraft:redstone_block":11,"minecraft:chicken":2,"minecraft:anvil":1,"minecraft:enchanted_book":1,"minecraft:lapis_block":13,"minecraft:soul_soil":2,"minecraft:gold_nugget":40,"minecraft:cobbled_deepslate":116,"minecraft:beef":8,"minecraft:light_gray_wool":1,"minecraft:chest":1,"minecraft:egg":1,"minecraft:furnace":2,"minecraft:stick":5,"minecraft:raw_iron":76,"minecraft:oak_door":1,"minecraft:raw_gold_block":3,"minecraft:torch":117,"minecraft:porkchop":9,"minecraft:diorite":53,"minecraft:redstone":123,"byg:embur_lily":1,"minecraft:arrow":12,"minecraft:rotten_flesh":9,"minecraft:hay_block":7,"tombstone:essence_of_undeath":2,"minecraft:obsidian":12,"minecraft:mutton":12,"minecraft:cobblestone":604,"minecraft:white_wool":9,"minecraft:birch_log":5,"minecraft:magma_block":128,"minecraft:feather":2,"minecraft:andesite":25,"minecraft:potato":1,"minecraft:flint":4,"minecraft:tuff":19,"minecraft:oak_log":23,"minecraft:lapis_lazuli":579,"minecraft:dirt":37,"tombstone:familiar_receptacle":1,"tombstone:gift":1,"minecraft:glass":8,"minecraft:bone":8,"minecraft:apple":1,"minecraft:bow":1,"minecraft:wheat_seeds":1,"minecraft:raw_gold":3,"minecraft:quartz":29,"minecraft:gravel":17,"minecraft:sand":20,"minecraft:diamond":3,"minecraft:granite":11,"minecraft:bread":1,"minecraft:oak_sapling":10,"tombstone:magic_scroll":1,"minecraft:netherrack":560,"minecraft:coal":126},"minecraft:killed_by":{"minecraft:skeleton":2},"minecraft:custom":{"minecraft:mob_kills":48,"minecraft:interact_with_anvil":1,"minecraft:interact_with_crafting_table":45,"minecraft:open_barrel":8,"goblintraders:trade_with_goblin":51,"minecraft:leave_game":9,"minecraft:time_since_death":80738,"minecraft:sprint_one_cm":368060,"minecraft:walk_one_cm":553939,"minecraft:damage_blocked_by_shield":800,"minecraft:drop":14,"minecraft:talked_to_villager":12,"minecraft:play_time":227551,"minecraft:deaths":2,"minecraft:sneak_time":118,"minecraft:walk_under_water_one_cm":20737,"minecraft:boat_one_cm":393392,"minecraft:jump":2524,"minecraft:walk_on_water_one_cm":30356,"minecraft:total_world_time":227551,"minecraft:interact_with_furnace":27,"minecraft:sleep_in_bed":3,"minecraft:time_since_rest":81614,"minecraft:damage_taken":1687,"minecraft:damage_dealt":6646,"minecraft:swim_one_cm":52503,"minecraft:fly_one_cm":287128,"minecraft:open_chest":25,"minecraft:crouch_one_cm":6,"tombstone:undead_killed":22,"minecraft:fall_one_cm":37177,"minecraft:horse_one_cm":7899},"minecraft:used":{"tombstone:scroll_of_unstable_intangibility":5,"minecraft:stone_sword":77,"minecraft:flint_and_steel":1,"minecraft:chest":1,"minecraft:shield":16,"minecraft:iron_sword":76,"minecraft:netherrack":159,"minecraft:oak_door":3,"minecraft:torch":164,"minecraft:dirt":19,"minecraft:anvil":1,"minecraft:tuff":19,"minecraft:obsidian":10,"minecraft:wooden_axe":20,"minecraft:lava_bucket":1,"minecraft:quartz_block":1,"minecraft:bow":7,"minecraft:furnace":4,"minecraft:oak_sapling":10,"tombstone:gift":2,"minecraft:egg":1,"minecraft:potato":17,"minecraft:cobbled_deepslate":51,"minecraft:cooked_mutton":7,"minecraft:water_bucket":6,"minecraft:diorite":22,"minecraft:stone_pickaxe":309,"minecraft:wooden_pickaxe":25,"minecraft:salmon":2,"minecraft:crafting_table":16,"minecraft:oak_log":4,"minecraft:diamond_pickaxe":973,"minecraft:apple":1,"minecraft:bread":22,"minecraft:iron_pickaxe":899,"tombstone:magic_scroll":1,"minecraft:stone_axe":98,"minecraft:cobblestone":119,"minecraft:bucket":9,"minecraft:oak_boat":2},"minecraft:broken":{"minecraft:stone_pickaxe":1,"minecraft:iron_pickaxe":2},"minecraft:dropped":{"byg:biomepedia":1,"minecraft:iron_ingot":3,"minecraft:oak_log":1,"minecraft:dirt":12,"minecraft:gold_nugget":3,"tombstone:familiar_receptacle":2,"tombstone:gift":1,"tombstone:essence_of_undeath":2,"minecraft:arrow":5},"minecraft:crafted":{"minecraft:oak_door":3,"minecraft:oak_planks":56,"minecraft:furnace":3,"minecraft:cooked_mutton":12,"minecraft:flint_and_steel":1,"minecraft:quartz_block":7,"minecraft:glass":12,"minecraft:iron_boots":1,"minecraft:stone_pickaxe":3,"minecraft:redstone_block":14,"minecraft:wheat":63,"minecraft:emerald":20,"minecraft:crafting_table":9,"travelersbackpack:backpack_tank":2,"minecraft:wooden_pickaxe":1,"minecraft:iron_helmet":1,"minecraft:iron_sword":1,"minecraft:bucket":1,"minecraft:birch_planks":20,"minecraft:stone_axe":1,"minecraft:bread":21,"minecraft:oak_boat":2,"minecraft:iron_chestplate":1,"minecraft:diamond_pickaxe":1,"minecraft:shield":1,"minecraft:stick":52,"minecraft:iron_ingot":106,"minecraft:iron_pickaxe":5,"minecraft:wooden_axe":1,"minecraft:stone_sword":1,"minecraft:iron_block":3,"minecraft:gold_ingot":3,"minecraft:anvil":1,"minecraft:torch":92,"minecraft:lapis_block":54},"minecraft:mined":{"minecraft:nether_gold_ore":11,"minecraft:tuff":20,"minecraft:deepslate_diamond_ore":3,"minecraft:oak_door":1,"minecraft:obsidian":13,"minecraft:granite":11,"minecraft:grass_block":7,"minecraft:soul_soil":2,"minecraft:spawner":4,"minecraft:hay_block":14,"minecraft:magma_block":184,"minecraft:redstone_ore":9,"minecraft:furnace":3,"minecraft:raw_gold_block":3,"minecraft:iron_ore":73,"minecraft:cobbled_deepslate":1,"minecraft:andesite":25,"minecraft:anvil":1,"minecraft:deepslate_iron_ore":5,"byg:overgrown_netherrack":11,"minecraft:stone":607,"minecraft:deepslate_redstone_ore":38,"minecraft:redstone_block":11,"minecraft:crafting_table":8,"minecraft:torch":56,"minecraft:chest":1,"minecraft:nether_quartz_ore":29,"minecraft:tall_grass":1,"minecraft:copper_ore":1,"minecraft:cobblestone":1,"minecraft:lapis_ore":98,"minecraft:deepslate_gold_ore":1,"minecraft:diorite":53,"minecraft:wall_torch":56,"minecraft:warped_nylium":1,"byg:soapstone":23,"minecraft:birch_log":5,"minecraft:lapis_block":13,"byg:ebony_log":80,"minecraft:birch_leaves":2,"minecraft:grass":4,"minecraft:mycelium":3,"minecraft:coal_ore":60,"minecraft:oak_log":32,"minecraft:gravel":21,"minecraft:sand":21,"minecraft:dirt":22,"minecraft:netherrack":612,"minecraft:gold_ore":3,"minecraft:deepslate":132},"minecraft:killed":{"minecraft:spider":1,"minecraft:skeleton":8,"minecraft:chicken":2,"minecraft:pig":5,"minecraft:sheep":11,"minecraft:zombie":14,"minecraft:mooshroom":2,"minecraft:cow":2}},"DataVersion":2975}