{"stats":{"minecraft:crafted":{"minecraft:purple_wool":2,"minecraft:oak_door":3,"minecraft:oak_planks":56,"minecraft:furnace":3,"minecraft:cooked_mutton":12,"minecraft:flint_and_steel":3,"minecraft:glass":12,"minecraft:quartz_block":22,"travelersbackpack:purple_sleeping_bag":1,"minecraft:iron_boots":1,"minecraft:iron_axe":1,"minecraft:stone_pickaxe":3,"minecraft:chest":2,"minecraft:redstone_block":14,"minecraft:wheat":63,"minecraft:cooked_beef":8,"minecraft:emerald":20,"minecraft:cooked_porkchop":9,"minecraft:crafting_table":11,"minecraft:spruce_planks":16,"travelersbackpack:standard":1,"travelersbackpack:backpack_tank":2,"minecraft:wooden_pickaxe":1,"minecraft:iron_helmet":1,"minecraft:iron_sword":1,"minecraft:bucket":3,"minecraft:birch_planks":20,"minecraft:stone_axe":1,"minecraft:bread":21,"minecraft:oak_boat":2,"minecraft:iron_chestplate":1,"byg:holly_planks":12,"minecraft:purple_dye":5,"minecraft:diamond_pickaxe":1,"minecraft:shield":1,"minecraft:raw_gold":9,"minecraft:stick":68,"minecraft:iron_ingot":106,"minecraft:iron_pickaxe":6,"minecraft:wooden_axe":1,"minecraft:iron_block":3,"minecraft:stone_sword":1,"minecraft:gold_ingot":12,"minecraft:anvil":1,"minecraft:torch":156,"minecraft:lapis_block":54},"minecraft:custom":{"minecraft:interact_with_anvil":3,"minecraft:mob_kills":76,"minecraft:interact_with_crafting_table":63,"minecraft:open_barrel":8,"goblintraders:trade_with_goblin":51,"minecraft:leave_game":12,"minecraft:time_since_death":62277,"minecraft:climb_one_cm":1214,"minecraft:damage_blocked_by_shield":1495,"minecraft:walk_one_cm":902845,"minecraft:sprint_one_cm":539820,"minecraft:drop":30,"minecraft:talked_to_villager":12,"minecraft:play_time":345357,"minecraft:sneak_time":280,"minecraft:deaths":4,"minecraft:walk_under_water_one_cm":61809,"minecraft:boat_one_cm":627972,"minecraft:jump":3992,"minecraft:walk_on_water_one_cm":74920,"minecraft:total_world_time":345357,"minecraft:interact_with_furnace":37,"minecraft:sleep_in_bed":4,"minecraft:time_since_rest":15426,"minecraft:damage_taken":3885,"minecraft:damage_absorbed":40,"minecraft:damage_dealt":10499,"minecraft:swim_one_cm":96164,"minecraft:fly_one_cm":413620,"minecraft:open_chest":51,"minecraft:crouch_one_cm":111,"tombstone:undead_killed":36,"minecraft:fall_one_cm":59230,"minecraft:horse_one_cm":7899},"minecraft:dropped":{"byg:biomepedia":1,"minecraft:iron_ingot":3,"minecraft:oak_log":1,"minecraft:glass_bottle":1,"minecraft:cobblestone":6,"minecraft:dirt":12,"minecraft:diorite":15,"minecraft:torch":1,"minecraft:gold_nugget":3,"tombstone:familiar_receptacle":2,"minecraft:gravel":1,"tombstone:gift":1,"minecraft:clay_ball":50,"minecraft:oak_planks":1,"minecraft:andesite":3,"minecraft:mossy_stone_bricks":1,"tombstone:essence_of_undeath":2,"minecraft:arrow":5,"minecraft:crying_obsidian":1,"byg:dacite_cobblestone":1,"minecraft:quartz":4},"minecraft:broken":{"minecraft:leather_leggings":1,"minecraft:stone_pickaxe":1,"minecraft:iron_pickaxe":3},"minecraft:killed":{"minecraft:spider":2,"minecraft:skeleton":11,"minecraft:chicken":2,"minecraft:pig":5,"minecraft:sheep":20,"minecraft:zombie":23,"minecraft:mooshroom":2,"minecraft:stray":1,"untamedwilds:bison":1,"minecraft:wither_skeleton":1,"minecraft:cow":5},"minecraft:picked_up":{"minecraft:crafting_table":11,"byg:soapstone":30,"minecraft:redstone_block":11,"minecraft:chicken":2,"minecraft:clay_ball":22,"minecraft:anvil":2,"minecraft:enchanted_book":1,"minecraft:lapis_block":13,"minecraft:soul_soil":2,"minecraft:flint_and_steel":1,"minecraft:gold_nugget":40,"minecraft:cobbled_deepslate":116,"minecraft:beef":16,"minecraft:oak_boat":3,"minecraft:light_gray_wool":1,"minecraft:chest":1,"minecraft:furnace":4,"minecraft:egg":1,"minecraft:stick":5,"minecraft:raw_iron":78,"minecraft:raw_gold_block":3,"minecraft:oak_door":1,"minecraft:torch":151,"minecraft:porkchop":9,"tombstone:grave_dust":4,"minecraft:diorite":59,"minecraft:redstone":123,"minecraft:quartz_block":1,"byg:embur_lily":1,"minecraft:arrow":12,"minecraft:rotten_flesh":12,"minecraft:tropical_fish":1,"minecraft:nether_bricks":4,"minecraft:hay_block":7,"tombstone:essence_of_undeath":2,"minecraft:obsidian":33,"minecraft:mutton":24,"minecraft:iron_bars":6,"minecraft:white_wool":17,"minecraft:cobblestone":753,"minecraft:birch_log":5,"minecraft:magma_block":131,"minecraft:feather":2,"minecraft:cooked_beef":4,"minecraft:andesite":31,"minecraft:brown_wool":1,"minecraft:leather":5,"minecraft:golden_leggings":1,"minecraft:potato":1,"minecraft:flint":8,"minecraft:tuff":19,"minecraft:oak_log":23,"minecraft:golden_boots":2,"minecraft:nether_wart_block":1,"byg:dacite_cobblestone":2,"minecraft:lapis_lazuli":579,"minecraft:dirt":44,"tombstone:familiar_receptacle":1,"tombstone:gift":1,"minecraft:cooked_mutton":5,"minecraft:glass":8,"minecraft:bone":54,"minecraft:apple":4,"minecraft:stone_bricks":1,"minecraft:bow":1,"minecraft:wheat_seeds":1,"minecraft:raw_gold":3,"minecraft:mossy_stone_bricks":1,"minecraft:oak_planks":1,"minecraft:soul_sand":1,"minecraft:quartz":104,"minecraft:gravel":26,"minecraft:sand":20,"minecraft:spruce_log":4,"minecraft:nether_brick_stairs":1,"byg:iris":5,"travelersbackpack:purple_sleeping_bag":1,"minecraft:crying_obsidian":1,"byg:holly_log":3,"minecraft:diamond":5,"minecraft:granite":11,"minecraft:bread":1,"tombstone:magic_scroll":1,"minecraft:oak_sapling":10,"minecraft:netherrack":792,"minecraft:coal":179},"minecraft:killed_by":{"minecraft:creeper":2,"minecraft:skeleton":2},"minecraft:mined":{"minecraft:nether_gold_ore":11,"minecraft:crying_obsidian":1,"minecraft:tuff":20,"minecraft:deepslate_diamond_ore":5,"minecraft:oak_door":1,"minecraft:obsidian":32,"byg:holly_log":3,"minecraft:nether_bricks":1,"minecraft:granite":14,"minecraft:grass_block":11,"minecraft:soul_soil":2,"minecraft:spawner":11,"minecraft:hay_block":14,"minecraft:magma_block":189,"minecraft:redstone_ore":9,"minecraft:furnace":5,"byg:iris":4,"minecraft:raw_gold_block":3,"minecraft:iron_ore":75,"minecraft:cobbled_deepslate":1,"minecraft:fire":6,"minecraft:andesite":32,"minecraft:anvil":2,"minecraft:deepslate_iron_ore":5,"minecraft:vine":1,"byg:overgrown_netherrack":11,"minecraft:iron_bars":6,"minecraft:stone":748,"minecraft:deepslate_redstone_ore":38,"minecraft:redstone_block":11,"minecraft:quartz_block":1,"minecraft:clay":17,"minecraft:crafting_table":11,"minecraft:torch":79,"minecraft:chest":2,"byg:podzol_dacite":2,"minecraft:nether_quartz_ore":101,"minecraft:copper_ore":1,"minecraft:tall_grass":1,"minecraft:cobblestone":8,"minecraft:deepslate_gold_ore":1,"minecraft:lapis_ore":98,"minecraft:diorite":66,"minecraft:wall_torch":69,"minecraft:birch_planks":1,"minecraft:warped_nylium":1,"byg:soapstone":34,"minecraft:nether_wart_block":1,"minecraft:birch_log":5,"minecraft:lapis_block":13,"minecraft:spruce_log":4,"byg:ebony_log":80,"minecraft:birch_leaves":2,"minecraft:grass":4,"minecraft:mycelium":3,"minecraft:oak_log":32,"minecraft:coal_ore":83,"minecraft:gravel":33,"minecraft:sand":21,"minecraft:dirt":28,"minecraft:stone_bricks":4,"minecraft:netherrack":926,"travelersbackpack:purple_sleeping_bag":1,"minecraft:gold_ore":3,"minecraft:deepslate":150},"minecraft:used":{"tombstone:scroll_of_unstable_intangibility":5,"minecraft:stone_sword":77,"minecraft:flint_and_steel":17,"minecraft:chest":2,"minecraft:shield":28,"minecraft:iron_sword":163,"minecraft:rotten_flesh":1,"minecraft:netherrack":347,"minecraft:oak_door":3,"minecraft:torch":254,"minecraft:soul_sand":1,"minecraft:dirt":19,"minecraft:anvil":2,"minecraft:tuff":19,"minecraft:obsidian":21,"minecraft:wooden_axe":20,"minecraft:lava_bucket":11,"minecraft:iron_axe":1,"minecraft:quartz_block":23,"minecraft:magma_block":26,"minecraft:bow":7,"minecraft:oak_sapling":10,"minecraft:furnace":6,"travelersbackpack:purple_sleeping_bag":1,"tombstone:gift":2,"minecraft:egg":1,"minecraft:potato":17,"minecraft:cooked_beef":5,"minecraft:cobbled_deepslate":98,"minecraft:cooked_mutton":12,"minecraft:water_bucket":19,"minecraft:diorite":22,"minecraft:stone_pickaxe":309,"minecraft:wooden_pickaxe":25,"minecraft:salmon":2,"minecraft:golden_apple":3,"minecraft:crafting_table":21,"minecraft:oak_log":4,"minecraft:diamond_pickaxe":1222,"minecraft:apple":1,"minecraft:bread":37,"minecraft:iron_pickaxe":1394,"tombstone:magic_scroll":1,"minecraft:gravel":8,"byg:soapstone":6,"minecraft:stone_axe":98,"minecraft:nether_wart_block":1,"minecraft:potion":2,"minecraft:cobblestone":179,"travelersbackpack:standard":2,"minecraft:andesite":3,"minecraft:bucket":32,"minecraft:oak_boat":4}},"DataVersion":2975}