{"stats":{"minecraft:dropped":{"minecraft:glass_bottle":1,"minecraft:oak_planks":1,"minecraft:diamond_pickaxe":1},"minecraft:custom":{"minecraft:mob_kills":30,"minecraft:interact_with_crafting_table":35,"goblintraders:trade_with_goblin":10,"minecraft:leave_game":10,"minecraft:time_since_death":1276,"minecraft:climb_one_cm":553,"minecraft:sprint_one_cm":165212,"minecraft:walk_one_cm":325166,"minecraft:damage_blocked_by_shield":265,"minecraft:drop":3,"minecraft:play_time":104817,"minecraft:deaths":5,"minecraft:sneak_time":12,"minecraft:walk_under_water_one_cm":12248,"minecraft:boat_one_cm":12084,"minecraft:jump":1518,"minecraft:walk_on_water_one_cm":17332,"minecraft:total_world_time":104817,"minecraft:interact_with_furnace":55,"minecraft:sleep_in_bed":2,"minecraft:time_since_rest":1305,"minecraft:damage_taken":2447,"minecraft:damage_dealt":3882,"minecraft:swim_one_cm":436,"minecraft:fly_one_cm":143497,"minecraft:open_chest":17,"minecraft:crouch_one_cm":60,"tombstone:undead_killed":6,"minecraft:fall_one_cm":46351},"minecraft:broken":{"minecraft:stone_pickaxe":2,"minecraft:stone_axe":1},"minecraft:killed":{"minecraft:spider":5,"minecraft:skeleton":2,"minecraft:pig":8,"minecraft:zombie_villager":1,"minecraft:sheep":6,"minecraft:zombie":3,"minecraft:cow":5},"minecraft:picked_up":{"minecraft:charcoal":1,"minecraft:crafting_table":7,"byg:soapstone":14,"minecraft:redstone_block":2,"minecraft:chicken":2,"byg:pink_allium":2,"minecraft:stone_brick_stairs":6,"travelersbackpack:pink_sleeping_bag":3,"minecraft:string":8,"untamedwilds:food_bear_raw":4,"minecraft:beef":10,"minecraft:oak_boat":1,"minecraft:chest":1,"minecraft:furnace":6,"minecraft:raw_iron":57,"minecraft:stick":19,"minecraft:torch":25,"minecraft:porkchop":10,"minecraft:arrow":2,"minecraft:rotten_flesh":14,"minecraft:gold_ingot":1,"minecraft:mutton":9,"minecraft:white_wool":5,"minecraft:cobblestone":172,"minecraft:feather":2,"minecraft:leather":6,"minecraft:brown_wool":1,"minecraft:potato":1,"minecraft:acacia_wood":1,"minecraft:oak_log":107,"byg:orchard_sapling":19,"minecraft:cobblestone_stairs":2,"minecraft:dirt":261,"minecraft:name_tag":2,"minecraft:bone":5,"minecraft:apple":72,"minecraft:stone_bricks":4,"minecraft:bow":1,"minecraft:wheat_seeds":1,"minecraft:raw_gold":2,"minecraft:iron_ingot":11,"minecraft:oak_planks":28,"minecraft:dripstone_block":2,"minecraft:sand":24,"untamedwilds:hide_bear_white":2,"minecraft:spider_eye":3,"travelersbackpack:standard":2,"minecraft:diamond":9,"minecraft:granite":3,"minecraft:emerald":7,"minecraft:golden_horse_armor":1,"minecraft:bread":1,"minecraft:oak_sapling":5,"minecraft:coal":94,"minecraft:diamond_pickaxe":1},"minecraft:mined":{"minecraft:diamond_ore":9,"byg:clover_patch":1,"minecraft:oak_sapling":2,"minecraft:cobblestone_stairs":2,"minecraft:granite":3,"minecraft:grass_block":66,"minecraft:spawner":6,"byg:pink_allium":3,"minecraft:furnace":6,"minecraft:iron_ore":59,"minecraft:pointed_dripstone":7,"minecraft:dirt_path":1,"minecraft:stone":165,"byg:white_puffball":1,"minecraft:redstone_block":2,"travelersbackpack:standard":2,"minecraft:crafting_table":7,"minecraft:torch":16,"minecraft:emerald_ore":7,"minecraft:chest":1,"minecraft:cobblestone":4,"minecraft:wall_torch":8,"byg:soapstone":14,"travelersbackpack:pink_sleeping_bag":3,"minecraft:stone_brick_stairs":6,"minecraft:grass":2,"minecraft:coal_ore":86,"minecraft:oak_log":134,"minecraft:sand":24,"minecraft:gravel":2,"minecraft:dripstone_block":1,"minecraft:dirt":186,"byg:aspen_leaves":2,"minecraft:cracked_stone_bricks":1,"minecraft:stone_bricks":4,"minecraft:gold_ore":2},"minecraft:used":{"minecraft:iron_shovel":124,"minecraft:shield":3,"minecraft:torch":42,"minecraft:dirt":182,"tombstone:scroll_of_aquatic_life":1,"minecraft:granite":3,"minecraft:oak_sapling":5,"minecraft:furnace":8,"tombstone:gift":2,"minecraft:cooked_mutton":5,"minecraft:water_bucket":5,"minecraft:stone_pickaxe":233,"minecraft:oak_planks":30,"minecraft:wooden_pickaxe":12,"minecraft:crafting_table":10,"travelersbackpack:pink_sleeping_bag":3,"minecraft:diamond_pickaxe":200,"minecraft:apple":21,"minecraft:iron_pickaxe":88,"minecraft:stone_axe":135,"minecraft:diamond_sword":73,"minecraft:cobblestone":35,"minecraft:potion":1,"travelersbackpack:standard":2,"minecraft:bucket":6,"minecraft:oak_boat":1,"minecraft:bone_meal":6},"minecraft:crafted":{"minecraft:oak_planks":92,"minecraft:furnace":4,"minecraft:bone_meal":6,"travelersbackpack:pink_sleeping_bag":1,"minecraft:pink_dye":2,"minecraft:cooked_mutton":9,"minecraft:glass_pane":16,"minecraft:glass":21,"minecraft:iron_boots":1,"minecraft:stone_pickaxe":2,"minecraft:cooked_beef":10,"minecraft:diamond_sword":1,"minecraft:emerald":9,"minecraft:cooked_porkchop":10,"minecraft:crafting_table":3,"travelersbackpack:backpack_tank":2,"minecraft:wooden_pickaxe":1,"minecraft:iron_helmet":1,"travelersbackpack:standard":1,"minecraft:bucket":1,"minecraft:stone_axe":1,"minecraft:oak_boat":1,"minecraft:pink_wool":2,"minecraft:charcoal":3,"minecraft:diamond_pickaxe":1,"minecraft:shield":1,"minecraft:stick":36,"minecraft:iron_ingot":25,"minecraft:iron_pickaxe":1,"minecraft:iron_leggings":1,"minecraft:iron_shovel":1,"minecraft:gold_ingot":1,"minecraft:torch":80,"minecraft:sponge":1},"minecraft:killed_by":{"minecraft:creeper":2,"minecraft:skeleton":1}},"DataVersion":2975}