{"stats":{"minecraft:dropped":{"minecraft:glass_bottle":1,"minecraft:diamond_pickaxe":1},"minecraft:custom":{"minecraft:interact_with_furnace":54,"minecraft:mob_kills":27,"minecraft:interact_with_crafting_table":33,"goblintraders:trade_with_goblin":10,"minecraft:leave_game":10,"minecraft:time_since_death":59245,"minecraft:sleep_in_bed":2,"minecraft:climb_one_cm":553,"minecraft:time_since_rest":30688,"minecraft:damage_blocked_by_shield":225,"minecraft:sprint_one_cm":153912,"minecraft:damage_taken":1095,"minecraft:walk_one_cm":295231,"minecraft:drop":2,"minecraft:damage_dealt":3162,"minecraft:swim_one_cm":436,"minecraft:fly_one_cm":129945,"minecraft:open_chest":17,"minecraft:crouch_one_cm":35,"minecraft:play_time":92817,"tombstone:undead_killed":5,"minecraft:deaths":2,"minecraft:sneak_time":9,"minecraft:walk_under_water_one_cm":12145,"minecraft:boat_one_cm":12084,"minecraft:jump":1215,"minecraft:walk_on_water_one_cm":16342,"minecraft:total_world_time":92817,"minecraft:fall_one_cm":30391},"minecraft:broken":{"minecraft:stone_pickaxe":2,"minecraft:stone_axe":1},"minecraft:killed":{"minecraft:pig":8,"minecraft:zombie_villager":1,"minecraft:spider":3,"minecraft:skeleton":1,"minecraft:sheep":6,"minecraft:zombie":3,"minecraft:cow":5},"minecraft:picked_up":{"minecraft:charcoal":1,"minecraft:crafting_table":6,"byg:soapstone":14,"minecraft:feather":2,"minecraft:redstone_block":2,"minecraft:chicken":2,"minecraft:brown_wool":1,"minecraft:leather":6,"byg:pink_allium":2,"minecraft:acacia_wood":1,"minecraft:potato":1,"minecraft:oak_log":107,"minecraft:stone_brick_stairs":6,"byg:orchard_sapling":19,"minecraft:cobblestone_stairs":2,"travelersbackpack:pink_sleeping_bag":3,"minecraft:dirt":127,"minecraft:string":5,"minecraft:name_tag":2,"minecraft:bone":4,"minecraft:apple":72,"minecraft:stone_bricks":4,"minecraft:wheat_seeds":1,"minecraft:raw_gold":2,"minecraft:iron_ingot":11,"minecraft:beef":10,"minecraft:oak_boat":1,"minecraft:chest":1,"minecraft:oak_planks":28,"minecraft:furnace":4,"minecraft:stick":19,"minecraft:raw_iron":57,"minecraft:torch":25,"minecraft:dripstone_block":2,"minecraft:porkchop":10,"minecraft:sand":24,"minecraft:spider_eye":2,"minecraft:rotten_flesh":14,"minecraft:diamond":9,"minecraft:granite":3,"minecraft:golden_horse_armor":1,"minecraft:bread":1,"minecraft:emerald":7,"minecraft:oak_sapling":5,"minecraft:mutton":9,"minecraft:coal":90,"minecraft:white_wool":5,"minecraft:cobblestone":172,"minecraft:diamond_pickaxe":1},"minecraft:mined":{"minecraft:diamond_ore":9,"byg:clover_patch":1,"minecraft:redstone_block":2,"minecraft:oak_sapling":2,"minecraft:cobblestone_stairs":2,"minecraft:crafting_table":6,"minecraft:torch":16,"minecraft:granite":3,"minecraft:emerald_ore":7,"minecraft:grass_block":5,"minecraft:chest":1,"minecraft:cobblestone":4,"minecraft:wall_torch":8,"byg:pink_allium":3,"minecraft:spawner":6,"byg:soapstone":14,"minecraft:furnace":4,"minecraft:iron_ore":59,"travelersbackpack:pink_sleeping_bag":3,"minecraft:stone_brick_stairs":6,"minecraft:grass":2,"minecraft:pointed_dripstone":7,"minecraft:oak_log":134,"minecraft:coal_ore":86,"minecraft:dripstone_block":1,"minecraft:gravel":2,"minecraft:sand":24,"minecraft:dirt":126,"minecraft:cracked_stone_bricks":1,"minecraft:stone":165,"minecraft:stone_bricks":4,"minecraft:gold_ore":2,"byg:white_puffball":1},"minecraft:used":{"minecraft:cooked_mutton":2,"minecraft:water_bucket":4,"minecraft:stone_pickaxe":233,"minecraft:shield":2,"minecraft:wooden_pickaxe":12,"minecraft:torch":42,"minecraft:dirt":83,"minecraft:crafting_table":9,"travelersbackpack:pink_sleeping_bag":3,"tombstone:scroll_of_aquatic_life":1,"minecraft:granite":3,"minecraft:diamond_pickaxe":197,"minecraft:apple":21,"minecraft:iron_pickaxe":88,"minecraft:stone_axe":135,"minecraft:diamond_sword":59,"minecraft:potion":1,"minecraft:cobblestone":28,"travelersbackpack:standard":1,"minecraft:furnace":8,"minecraft:oak_sapling":5,"minecraft:bucket":5,"tombstone:gift":2,"minecraft:oak_boat":1,"minecraft:bone_meal":6},"minecraft:crafted":{"minecraft:cooked_beef":10,"minecraft:oak_planks":92,"minecraft:diamond_sword":1,"minecraft:emerald":9,"minecraft:cooked_porkchop":10,"minecraft:crafting_table":3,"travelersbackpack:standard":1,"travelersbackpack:backpack_tank":2,"minecraft:iron_helmet":1,"minecraft:wooden_pickaxe":1,"minecraft:furnace":4,"minecraft:bone_meal":6,"minecraft:bucket":1,"travelersbackpack:pink_sleeping_bag":1,"minecraft:stone_axe":1,"minecraft:pink_dye":2,"minecraft:cooked_mutton":9,"minecraft:glass_pane":16,"minecraft:oak_boat":1,"minecraft:glass":21,"minecraft:iron_boots":1,"minecraft:diamond_pickaxe":1,"minecraft:charcoal":3,"minecraft:pink_wool":2,"minecraft:shield":1,"minecraft:stick":36,"minecraft:iron_ingot":25,"minecraft:iron_pickaxe":1,"minecraft:stone_pickaxe":2,"minecraft:gold_ingot":1,"minecraft:iron_leggings":1,"minecraft:sponge":1,"minecraft:torch":80},"minecraft:killed_by":{"minecraft:skeleton":1,"minecraft:creeper":1}},"DataVersion":2975}