{"stats":{"minecraft:picked_up":{"minecraft:wheat":104,"byg:alpine_bellflower":5,"minecraft:redstone_block":11,"byg:lush_dirt":177,"minecraft:anvil":4,"minecraft:enchanted_book":1,"minecraft:amethyst_block":2,"byg:crocus":7,"securitycraft:reinforced_white_concrete":59,"minecraft:lapis_block":13,"minecraft:string":5,"minecraft:soul_soil":2,"minecraft:cobbled_deepslate":419,"minecraft:gold_nugget":44,"minecraft:calcite":1,"minecraft:coal_block":2,"minecraft:furnace":6,"byg:zelkova_sapling":48,"minecraft:stick":33,"minecraft:composter":1,"minecraft:torch":232,"minecraft:spruce_stairs":2,"minecraft:porkchop":9,"tombstone:grave_dust":7,"minecraft:diorite":59,"byg:kovan_flower":8,"minecraft:quartz_block":48,"minecraft:rotten_flesh":24,"minecraft:tropical_fish":1,"securitycraft:reinforced_cobbled_deepslate":246,"modernlife:dark_oak_deck":1,"minecraft:obsidian":61,"minecraft:iron_bars":10,"minecraft:cobblestone":1021,"minecraft:birch_log":5,"minecraft:enchanting_table":3,"minecraft:magma_block":131,"minecraft:feather":5,"minecraft:cooked_beef":4,"minecraft:andesite":58,"minecraft:brown_wool":1,"minecraft:golden_leggings":1,"minecraft:potato":1,"minecraft:flint":15,"minecraft:tuff":28,"tombstone:familiar_receptacle":1,"minecraft:lapis_lazuli":579,"minecraft:dirt":438,"byg:zelkova_button":7,"untamedwilds:flora_junegrass":1,"minecraft:glass":8,"minecraft:bone":90,"byg:zelkova_crafting_table":8,"minecraft:bow":2,"minecraft:wheat_seeds":330,"minecraft:raw_gold":3,"minecraft:mossy_stone_bricks":1,"minecraft:oak_planks":1,"minecraft:sand":99,"minecraft:nether_brick_stairs":1,"minecraft:ink_sac":3,"byg:iris":5,"securitycraft:reinforced_stone":3,"minecraft:diamond_block":4,"minecraft:dark_oak_log":22,"minecraft:diamond":83,"byg:pink_anemone":14,"minecraft:deepslate":1,"minecraft:granite":25,"minecraft:white_concrete":59,"minecraft:emerald":68,"minecraft:bread":1,"byg:zelkova_slab":4,"minecraft:oak_sapling":10,"minecraft:netherrack":1449,"minecraft:crafting_table":12,"byg:soapstone":208,"securitycraft:reinforced_quartz_block":93,"minecraft:chicken":4,"minecraft:clay_ball":22,"minecraft:brown_mushroom":3,"untamedwilds:flora_canola":1,"securitycraft:reinforced_glass_pane":8,"minecraft:flint_and_steel":2,"minecraft:cartography_table":1,"byg:zelkova_log":346,"minecraft:beef":34,"minecraft:oak_boat":5,"minecraft:poppy":1,"minecraft:light_gray_wool":1,"minecraft:chest":5,"minecraft:spruce_trapdoor":19,"minecraft:egg":5,"minecraft:dark_oak_sapling":7,"minecraft:raw_iron":126,"securitycraft:reinforced_cobblestone":124,"minecraft:raw_gold_block":3,"minecraft:oak_door":1,"untamedwilds:flora_bush_temperate":6,"minecraft:spruce_fence":1,"minecraft:redstone":123,"byg:brimstone":126,"minecraft:dark_oak_planks":4,"minecraft:tnt":2,"byg:embur_lily":1,"minecraft:arrow":35,"minecraft:nether_bricks":4,"minecraft:hay_block":7,"tombstone:essence_of_undeath":2,"minecraft:mutton":26,"minecraft:white_wool":18,"minecraft:lime_bed":2,"minecraft:leather":16,"minecraft:oak_log":23,"byg:white_anemone":8,"minecraft:golden_boots":2,"minecraft:nether_wart_block":1,"byg:dacite_cobblestone":2,"tombstone:gift":1,"minecraft:cooked_mutton":5,"minecraft:apple":4,"minecraft:stone_bricks":1,"untamedwilds:material_fat":2,"minecraft:iron_ingot":3,"minecraft:soul_sand":1,"minecraft:dark_oak_stairs":8,"minecraft:book":12,"minecraft:smooth_basalt":3,"minecraft:emerald_block":14,"byg:zelkova_trapdoor":3,"minecraft:quartz":429,"minecraft:raw_iron_block":3,"minecraft:gravel":93,"minecraft:amethyst_shard":72,"minecraft:spruce_sapling":1,"minecraft:spruce_log":11,"travelersbackpack:purple_sleeping_bag":1,"minecraft:crying_obsidian":1,"minecraft:spider_eye":4,"byg:holly_log":3,"travelersbackpack:wolf":1,"travelersbackpack:standard":1,"minecraft:purple_bed":2,"minecraft:white_concrete_powder":1,"tombstone:magic_scroll":5,"securitycraft:door_indestructible_iron_item":1,"minecraft:coal":226,"minecraft:ender_pearl":4},"minecraft:killed_by":{"minecraft:creeper":2,"minecraft:zombie":1,"minecraft:skeleton":2},"minecraft:custom":{"minecraft:interact_with_crafting_table":209,"minecraft:open_barrel":8,"goblintraders:trade_with_goblin":58,"minecraft:leave_game":19,"minecraft:time_since_death":5041,"minecraft:sprint_one_cm":1287983,"minecraft:damage_blocked_by_shield":2890,"minecraft:drop":50,"minecraft:talked_to_villager":42,"minecraft:play_time":852319,"minecraft:deaths":5,"minecraft:jump":9262,"minecraft:walk_on_water_one_cm":187488,"minecraft:enchant_item":5,"minecraft:interact_with_furnace":98,"minecraft:traded_with_villager":22,"minecraft:interact_with_cartography_table":1,"minecraft:sleep_in_bed":21,"minecraft:damage_dealt":22501,"minecraft:crouch_one_cm":243,"tombstone:undead_killed":81,"minecraft:horse_one_cm":7899,"minecraft:interact_with_anvil":18,"minecraft:mob_kills":148,"minecraft:climb_one_cm":8777,"minecraft:walk_one_cm":2641609,"minecraft:sneak_time":572,"minecraft:walk_under_water_one_cm":119501,"minecraft:boat_one_cm":651611,"minecraft:total_world_time":852319,"minecraft:time_since_rest":5090,"minecraft:damage_taken":13635,"minecraft:damage_absorbed":40,"minecraft:swim_one_cm":199884,"minecraft:fly_one_cm":1085205,"minecraft:open_chest":144,"minecraft:fall_one_cm":156019},"minecraft:used":{"tombstone:scroll_of_unstable_intangibility":5,"minecraft:iron_shovel":309,"byg:zelkova_trapdoor":3,"minecraft:white_concrete_powder":65,"minecraft:chest":11,"minecraft:shield":51,"minecraft:iron_sword":252,"minecraft:rotten_flesh":1,"minecraft:soul_sand":1,"securitycraft:keypad_item":7,"minecraft:tuff":28,"minecraft:obsidian":49,"minecraft:lava_bucket":24,"minecraft:quartz_block":55,"minecraft:magma_block":26,"minecraft:bow":7,"minecraft:oak_sapling":10,"minecraft:furnace":15,"travelersbackpack:purple_sleeping_bag":1,"untamedwilds:material_fat":2,"minecraft:egg":1,"modernlife:dark_oak_deck":6,"minecraft:potato":17,"minecraft:dark_oak_stairs":12,"minecraft:diorite":22,"securitycraft:door_indestructible_iron_item":5,"minecraft:stone_pickaxe":309,"minecraft:ender_pearl":1,"minecraft:wooden_pickaxe":25,"minecraft:composter":3,"securitycraft:reinforced_glass_pane":3,"minecraft:golden_apple":3,"minecraft:sand":34,"minecraft:bread":49,"byg:zelkova_planks":2,"minecraft:iron_door":2,"minecraft:gravel":25,"minecraft:nether_wart_block":1,"minecraft:diamond_sword":108,"securitycraft:reinforced_cobbled_deepslate":224,"byg:zelkova_crafting_table":12,"minecraft:andesite":3,"minecraft:oak_boat":6,"minecraft:bone_meal":125,"byg:alpine_bellflower":1,"minecraft:stone_sword":77,"minecraft:enchanting_table":4,"minecraft:flint_and_steel":72,"securitycraft:keypad_door_item":3,"minecraft:cooked_chicken":1,"minecraft:netherrack":483,"minecraft:oak_door":3,"minecraft:torch":513,"minecraft:dirt":206,"securitycraft:reinforced_quartz_block":93,"minecraft:anvil":5,"minecraft:wheat":2,"byg:pink_anemone":6,"minecraft:cobblestone_wall":6,"minecraft:granite":2,"byg:lush_dirt":64,"minecraft:iron_hoe":615,"minecraft:dark_oak_planks":8,"minecraft:wooden_axe":44,"minecraft:bookshelf":4,"minecraft:iron_axe":341,"tombstone:gift":4,"minecraft:cooked_beef":25,"minecraft:cobbled_deepslate":111,"minecraft:cooked_mutton":17,"minecraft:wheat_seeds":169,"minecraft:water_bucket":42,"byg:brimstone":124,"securitycraft:reinforced_cobblestone":40,"minecraft:glass_bottle":1,"minecraft:cartography_table":1,"byg:zelkova_button":11,"byg:zelkova_slab":4,"minecraft:salmon":2,"minecraft:lime_bed":2,"minecraft:tnt":2,"minecraft:crafting_table":22,"minecraft:campfire":2,"minecraft:dark_oak_door":1,"minecraft:oak_log":4,"minecraft:diamond_pickaxe":4184,"minecraft:apple":3,"minecraft:diamond_shovel":914,"byg:zelkova_log":30,"minecraft:iron_pickaxe":1569,"tombstone:magic_scroll":4,"minecraft:spruce_trapdoor":19,"byg:soapstone":145,"minecraft:stone_axe":235,"minecraft:cobblestone":275,"minecraft:potion":4,"travelersbackpack:standard":2,"minecraft:purple_bed":2,"securitycraft:reinforced_white_concrete":49,"minecraft:cooked_porkchop":9,"untamedwilds:flora_bush_temperate":1,"minecraft:bucket":68},"minecraft:broken":{"minecraft:iron_shovel":1,"minecraft:leather_leggings":1,"minecraft:stone_pickaxe":1,"minecraft:stone_axe":1,"securitycraft:universal_block_reinforcer_lvl1":1,"minecraft:iron_pickaxe":4},"minecraft:dropped":{"byg:biomepedia":1,"minecraft:oak_log":1,"minecraft:glass_bottle":1,"byg:lush_dirt":2,"minecraft:dirt":46,"minecraft:gold_nugget":3,"minecraft:sand":1,"tombstone:familiar_receptacle":2,"minecraft:gravel":1,"minecraft:obsidian":1,"tombstone:gift":1,"minecraft:oak_planks":1,"securitycraft:reinforced_cobbled_deepslate":1,"minecraft:arrow":5,"minecraft:crying_obsidian":1,"minecraft:quartz":4,"minecraft:netherrack":9,"minecraft:iron_ingot":3,"minecraft:cobblestone":6,"minecraft:granite":3,"minecraft:diorite":15,"minecraft:torch":1,"minecraft:wooden_axe":1,"byg:kovan_flower":2,"securitycraft:keypad_door_item":1,"minecraft:clay_ball":50,"minecraft:andesite":7,"minecraft:mossy_stone_bricks":1,"tombstone:essence_of_undeath":2,"byg:dacite_cobblestone":1},"minecraft:crafted":{"minecraft:oak_planks":56,"byg:zelkova_planks":692,"minecraft:diamond_shovel":1,"securitycraft:keypad_item":9,"minecraft:bookshelf":4,"minecraft:heavy_weighted_pressure_plate":9,"minecraft:cooked_mutton":12,"securitycraft:laser_block":2,"minecraft:dark_oak_door":3,"minecraft:quartz_block":100,"minecraft:glass":12,"byg:zelkova_slab":18,"minecraft:bow":1,"minecraft:diamond_helmet":1,"minecraft:diamond_leggings":1,"minecraft:iron_boots":1,"travelersbackpack:purple_sleeping_bag":1,"minecraft:chest":8,"minecraft:iron_door":9,"minecraft:emerald":47,"minecraft:cooked_porkchop":9,"minecraft:crafting_table":11,"byg:zelkova_button":4,"minecraft:spruce_planks":32,"securitycraft:reinforced_stone_button":73,"travelersbackpack:standard":1,"minecraft:wooden_pickaxe":1,"minecraft:iron_helmet":1,"minecraft:birch_planks":20,"minecraft:campfire":2,"minecraft:spruce_trapdoor":4,"byg:holly_planks":12,"minecraft:iron_chestplate":1,"minecraft:diamond_pickaxe":1,"minecraft:purple_dye":6,"minecraft:shield":1,"minecraft:stick":836,"minecraft:iron_ingot":178,"minecraft:iron_pickaxe":6,"minecraft:iron_block":3,"minecraft:stone_sword":1,"minecraft:gold_ingot":12,"minecraft:composter":2,"securitycraft:universal_block_reinforcer_lvl1":2,"minecraft:purple_wool":2,"minecraft:oak_door":3,"minecraft:redstone":9,"minecraft:raw_iron":27,"minecraft:coal":18,"modernlife:dark_oak_deck":5,"minecraft:furnace":9,"minecraft:bone_meal":147,"minecraft:pink_dye":1,"minecraft:glass_pane":16,"minecraft:flint_and_steel":4,"minecraft:white_concrete_powder":64,"minecraft:iron_axe":2,"minecraft:iron_hoe":1,"minecraft:stone_pickaxe":3,"minecraft:cobblestone_wall":6,"minecraft:diamond_boots":1,"minecraft:redstone_block":14,"minecraft:dark_oak_planks":64,"minecraft:wheat":63,"minecraft:cooked_beef":22,"minecraft:diamond_sword":1,"minecraft:dark_oak_stairs":4,"byg:zelkova_trapdoor":2,"minecraft:enchanting_table":1,"travelersbackpack:backpack_tank":2,"minecraft:iron_sword":2,"byg:zelkova_crafting_table":5,"minecraft:bucket":3,"minecraft:stone_axe":1,"minecraft:bread":55,"securitycraft:reinforced_stone":73,"minecraft:oak_boat":2,"securitycraft:door_indestructible_iron_item":4,"minecraft:white_dye":21,"minecraft:raw_gold":9,"minecraft:wooden_axe":2,"minecraft:iron_shovel":2,"minecraft:anvil":1,"minecraft:torch":292,"minecraft:lapis_lazuli":18,"minecraft:lapis_block":54,"minecraft:diamond_chestplate":1},"minecraft:mined":{"minecraft:dark_oak_planks":4,"minecraft:farmland":5,"minecraft:obsidian":59,"minecraft:spruce_trapdoor":19,"minecraft:granite":28,"minecraft:grass_block":341,"minecraft:white_concrete":62,"minecraft:soul_soil":2,"minecraft:coal_block":9,"minecraft:composter":1,"minecraft:spawner":18,"minecraft:tall_seagrass":1,"minecraft:magma_block":206,"byg:iris":4,"minecraft:iron_ore":75,"minecraft:cobbled_deepslate":1,"minecraft:fire":18,"minecraft:anvil":4,"byg:boric_fire":11,"byg:lament_leaves":2,"minecraft:enchanting_table":3,"minecraft:dark_oak_stairs":8,"minecraft:dirt_path":49,"byg:overgrown_netherrack":14,"minecraft:iron_bars":10,"minecraft:deepslate_redstone_ore":38,"minecraft:quartz_block":49,"minecraft:amethyst_cluster":18,"minecraft:clay":17,"minecraft:torch":116,"byg:brimstone":118,"byg:zelkova_button":6,"minecraft:calcite":2,"minecraft:chest":6,"byg:podzol_dacite":2,"minecraft:nether_quartz_ore":382,"minecraft:cobblestone":23,"minecraft:sugar_cane":1,"byg:magmatic_stone":26,"byg:zelkova_slab":2,"minecraft:wall_torch":100,"byg:lush_grass_block":143,"minecraft:amethyst_block":5,"byg:pink_anemone":11,"minecraft:warped_nylium":17,"byg:soapstone":214,"byg:brimstone_nether_quartz_ore":41,"minecraft:nether_wart_block":1,"minecraft:lapis_block":13,"minecraft:birch_log":5,"minecraft:wheat":107,"byg:kovan_flower":7,"minecraft:grass":606,"minecraft:oak_log":32,"minecraft:sand":93,"minecraft:dirt":228,"minecraft:smooth_basalt":3,"untamedwilds:flora_canola":2,"minecraft:netherrack":2103,"travelersbackpack:purple_sleeping_bag":1,"minecraft:deepslate":440,"minecraft:emerald_block":14,"minecraft:crying_obsidian":1,"minecraft:nether_gold_ore":14,"minecraft:diamond_ore":51,"minecraft:tuff":21,"byg:clover_patch":20,"untamedwilds:flora_junegrass":1,"minecraft:deepslate_diamond_ore":33,"minecraft:oak_door":1,"minecraft:dark_oak_log":36,"byg:zelkova_log":378,"byg:holly_log":3,"minecraft:nether_bricks":1,"byg:zelkova_trapdoor":3,"minecraft:spruce_fence":1,"minecraft:cartography_table":1,"minecraft:white_concrete_powder":1,"minecraft:large_fern":2,"minecraft:hay_block":14,"byg:zelkova_crafting_table":7,"minecraft:redstone_ore":9,"byg:crocus":8,"minecraft:furnace":7,"byg:lush_grass_path":6,"minecraft:raw_gold_block":3,"minecraft:andesite":63,"minecraft:diamond_block":4,"minecraft:bookshelf":4,"minecraft:deepslate_iron_ore":7,"byg:anthracite_ore":5,"minecraft:vine":1,"byg:white_anemone":7,"minecraft:stone":1002,"minecraft:redstone_block":11,"travelersbackpack:standard":1,"minecraft:crafting_table":12,"untamedwilds:flora_bush_temperate":6,"minecraft:emerald_ore":43,"minecraft:copper_ore":1,"minecraft:tall_grass":46,"minecraft:deepslate_gold_ore":1,"minecraft:lapis_ore":98,"minecraft:diorite":69,"minecraft:spruce_stairs":2,"minecraft:purple_bed":2,"minecraft:birch_planks":1,"minecraft:lime_bed":2,"byg:lush_dirt":101,"modernlife:dark_oak_deck":1,"byg:ebony_log":80,"minecraft:spruce_log":11,"minecraft:birch_leaves":2,"byg:alpine_bellflower":9,"minecraft:coal_ore":130,"minecraft:mycelium":3,"minecraft:gravel":88,"minecraft:stone_bricks":4,"minecraft:gold_ore":3,"minecraft:deepslate_emerald_ore":25,"minecraft:fern":2},"minecraft:killed":{"minecraft:spider":7,"minecraft:skeleton":37,"minecraft:chicken":4,"minecraft:pig":5,"minecraft:creeper":1,"minecraft:sheep":21,"minecraft:zombie":40,"minecraft:mooshroom":2,"minecraft:stray":1,"untamedwilds:bison":1,"untamedwilds:snake":2,"minecraft:cow":14,"minecraft:drowned":2,"minecraft:wither_skeleton":1,"minecraft:enderman":2}},"DataVersion":2975}