{"stats":{"minecraft:custom":{"minecraft:mob_kills":63,"minecraft:interact_with_anvil":1,"minecraft:interact_with_crafting_table":51,"minecraft:open_barrel":8,"goblintraders:trade_with_goblin":51,"minecraft:leave_game":10,"minecraft:time_since_death":16557,"minecraft:climb_one_cm":1214,"minecraft:sprint_one_cm":456888,"minecraft:walk_one_cm":786689,"minecraft:damage_blocked_by_shield":1495,"minecraft:drop":23,"minecraft:talked_to_villager":12,"minecraft:play_time":299637,"minecraft:deaths":4,"minecraft:sneak_time":208,"minecraft:walk_under_water_one_cm":51555,"minecraft:boat_one_cm":627972,"minecraft:jump":3392,"minecraft:walk_on_water_one_cm":63413,"minecraft:total_world_time":299637,"minecraft:interact_with_furnace":32,"minecraft:sleep_in_bed":3,"minecraft:time_since_rest":16599,"minecraft:damage_taken":3602,"minecraft:damage_absorbed":40,"minecraft:damage_dealt":9238,"minecraft:swim_one_cm":81598,"minecraft:fly_one_cm":356250,"minecraft:open_chest":32,"minecraft:crouch_one_cm":111,"tombstone:undead_killed":34,"minecraft:fall_one_cm":47294,"minecraft:horse_one_cm":7899},"minecraft:dropped":{"byg:biomepedia":1,"minecraft:iron_ingot":3,"minecraft:oak_log":1,"minecraft:cobblestone":6,"minecraft:dirt":12,"minecraft:diorite":15,"minecraft:torch":1,"minecraft:gold_nugget":3,"tombstone:familiar_receptacle":2,"minecraft:gravel":1,"tombstone:gift":1,"minecraft:clay_ball":30,"minecraft:oak_planks":1,"minecraft:andesite":3,"tombstone:essence_of_undeath":2,"minecraft:arrow":5,"minecraft:crying_obsidian":1,"minecraft:quartz":4},"minecraft:killed_by":{"minecraft:creeper":2,"minecraft:skeleton":2},"minecraft:crafted":{"minecraft:oak_door":3,"minecraft:oak_planks":56,"minecraft:furnace":3,"minecraft:cooked_mutton":12,"minecraft:flint_and_steel":2,"minecraft:quartz_block":22,"minecraft:glass":12,"minecraft:iron_boots":1,"minecraft:stone_pickaxe":3,"minecraft:redstone_block":14,"minecraft:wheat":63,"minecraft:cooked_beef":8,"minecraft:emerald":20,"minecraft:crafting_table":10,"travelersbackpack:backpack_tank":2,"minecraft:wooden_pickaxe":1,"minecraft:iron_helmet":1,"minecraft:iron_sword":1,"minecraft:bucket":1,"minecraft:birch_planks":20,"minecraft:stone_axe":1,"minecraft:bread":21,"minecraft:oak_boat":2,"minecraft:iron_chestplate":1,"minecraft:diamond_pickaxe":1,"minecraft:shield":1,"minecraft:stick":52,"minecraft:iron_ingot":106,"minecraft:iron_pickaxe":6,"minecraft:wooden_axe":1,"minecraft:stone_sword":1,"minecraft:iron_block":3,"minecraft:anvil":1,"minecraft:gold_ingot":3,"minecraft:torch":92,"minecraft:lapis_block":54},"minecraft:killed":{"minecraft:spider":2,"minecraft:skeleton":11,"minecraft:chicken":2,"minecraft:pig":5,"minecraft:sheep":13,"minecraft:zombie":21,"minecraft:mooshroom":2,"minecraft:stray":1,"minecraft:wither_skeleton":1,"minecraft:cow":2},"minecraft:used":{"tombstone:scroll_of_unstable_intangibility":5,"minecraft:stone_sword":77,"minecraft:flint_and_steel":2,"minecraft:chest":1,"minecraft:shield":28,"minecraft:iron_sword":137,"minecraft:rotten_flesh":1,"minecraft:netherrack":347,"minecraft:oak_door":3,"minecraft:torch":237,"minecraft:soul_sand":1,"minecraft:dirt":19,"minecraft:anvil":1,"minecraft:tuff":19,"minecraft:obsidian":17,"minecraft:wooden_axe":20,"minecraft:lava_bucket":8,"minecraft:quartz_block":23,"minecraft:magma_block":26,"minecraft:bow":7,"minecraft:oak_sapling":10,"minecraft:furnace":5,"tombstone:gift":2,"minecraft:egg":1,"minecraft:potato":17,"minecraft:cobbled_deepslate":98,"minecraft:cooked_mutton":12,"minecraft:water_bucket":16,"minecraft:diorite":22,"minecraft:stone_pickaxe":309,"minecraft:wooden_pickaxe":25,"minecraft:salmon":2,"minecraft:golden_apple":3,"minecraft:crafting_table":19,"minecraft:oak_log":4,"minecraft:diamond_pickaxe":1156,"minecraft:apple":1,"minecraft:bread":37,"minecraft:iron_pickaxe":1314,"tombstone:magic_scroll":1,"minecraft:gravel":7,"minecraft:stone_axe":98,"minecraft:nether_wart_block":1,"minecraft:potion":1,"minecraft:cobblestone":175,"minecraft:bucket":24,"minecraft:oak_boat":4},"minecraft:picked_up":{"minecraft:crafting_table":10,"byg:soapstone":30,"minecraft:redstone_block":11,"minecraft:chicken":2,"minecraft:clay_ball":22,"minecraft:anvil":1,"minecraft:enchanted_book":1,"minecraft:lapis_block":13,"minecraft:soul_soil":2,"minecraft:gold_nugget":40,"minecraft:cobbled_deepslate":116,"minecraft:beef":8,"minecraft:oak_boat":3,"minecraft:light_gray_wool":1,"minecraft:chest":1,"minecraft:furnace":3,"minecraft:egg":1,"minecraft:raw_gold_block":3,"minecraft:stick":5,"minecraft:raw_iron":78,"minecraft:oak_door":1,"minecraft:torch":144,"minecraft:porkchop":9,"tombstone:grave_dust":2,"minecraft:diorite":59,"minecraft:redstone":123,"minecraft:quartz_block":1,"byg:embur_lily":1,"minecraft:arrow":12,"minecraft:rotten_flesh":10,"minecraft:tropical_fish":1,"minecraft:nether_bricks":4,"minecraft:hay_block":7,"tombstone:essence_of_undeath":2,"minecraft:obsidian":21,"minecraft:mutton":14,"minecraft:iron_bars":2,"minecraft:cobblestone":661,"minecraft:white_wool":11,"minecraft:birch_log":5,"minecraft:magma_block":130,"minecraft:feather":2,"minecraft:andesite":28,"minecraft:potato":1,"minecraft:flint":7,"minecraft:tuff":19,"minecraft:oak_log":23,"minecraft:nether_wart_block":1,"byg:dacite_cobblestone":1,"minecraft:lapis_lazuli":579,"minecraft:dirt":37,"tombstone:familiar_receptacle":1,"tombstone:gift":1,"minecraft:glass":8,"minecraft:bone":53,"minecraft:apple":4,"minecraft:bow":1,"minecraft:wheat_seeds":1,"minecraft:raw_gold":3,"minecraft:mossy_stone_bricks":1,"minecraft:oak_planks":1,"minecraft:soul_sand":1,"minecraft:quartz":104,"minecraft:gravel":25,"minecraft:sand":20,"minecraft:nether_brick_stairs":1,"minecraft:crying_obsidian":1,"minecraft:diamond":5,"minecraft:granite":11,"minecraft:bread":1,"minecraft:oak_sapling":10,"tombstone:magic_scroll":1,"minecraft:netherrack":789,"minecraft:coal":152},"minecraft:broken":{"minecraft:leather_leggings":1,"minecraft:stone_pickaxe":1,"minecraft:iron_pickaxe":3},"minecraft:mined":{"minecraft:nether_gold_ore":11,"minecraft:crying_obsidian":1,"minecraft:tuff":20,"minecraft:deepslate_diamond_ore":5,"minecraft:oak_door":1,"minecraft:obsidian":20,"minecraft:nether_bricks":1,"minecraft:granite":14,"minecraft:grass_block":8,"minecraft:soul_soil":2,"minecraft:spawner":6,"minecraft:hay_block":14,"minecraft:magma_block":188,"minecraft:redstone_ore":9,"minecraft:furnace":4,"minecraft:raw_gold_block":3,"minecraft:fire":6,"minecraft:iron_ore":75,"minecraft:cobbled_deepslate":1,"minecraft:andesite":29,"minecraft:anvil":1,"minecraft:vine":1,"minecraft:iron_bars":2,"minecraft:deepslate_iron_ore":5,"byg:overgrown_netherrack":11,"minecraft:stone":684,"minecraft:deepslate_redstone_ore":38,"minecraft:redstone_block":11,"minecraft:quartz_block":1,"minecraft:clay":17,"minecraft:crafting_table":10,"minecraft:torch":74,"byg:podzol_dacite":1,"minecraft:chest":1,"minecraft:nether_quartz_ore":101,"minecraft:tall_grass":1,"minecraft:copper_ore":1,"minecraft:cobblestone":7,"minecraft:lapis_ore":98,"minecraft:deepslate_gold_ore":1,"minecraft:diorite":66,"minecraft:wall_torch":67,"minecraft:birch_planks":1,"minecraft:warped_nylium":1,"byg:soapstone":34,"minecraft:nether_wart_block":1,"minecraft:birch_log":5,"minecraft:lapis_block":13,"byg:ebony_log":80,"minecraft:birch_leaves":2,"minecraft:grass":4,"minecraft:oak_log":32,"minecraft:coal_ore":60,"minecraft:mycelium":3,"minecraft:gravel":31,"minecraft:sand":21,"minecraft:dirt":24,"minecraft:stone_bricks":3,"minecraft:netherrack":921,"minecraft:gold_ore":3,"minecraft:deepslate":150}},"DataVersion":2975}