{"stats":{"minecraft:picked_up":{"byg:soapstone":13,"minecraft:crafting_table":4,"minecraft:feather":2,"minecraft:chicken":2,"minecraft:brown_wool":1,"minecraft:leather":2,"byg:pink_allium":2,"minecraft:acacia_wood":1,"minecraft:potato":1,"minecraft:oak_log":107,"byg:orchard_sapling":19,"travelersbackpack:pink_sleeping_bag":1,"minecraft:string":1,"minecraft:dirt":122,"minecraft:bone":4,"minecraft:apple":72,"minecraft:wheat_seeds":1,"minecraft:beef":2,"minecraft:oak_boat":1,"minecraft:oak_planks":1,"minecraft:raw_iron":8,"minecraft:stick":19,"minecraft:torch":2,"minecraft:sand":15,"minecraft:porkchop":10,"minecraft:rotten_flesh":5,"minecraft:diamond":9,"minecraft:granite":3,"minecraft:emerald":7,"minecraft:oak_sapling":5,"minecraft:mutton":9,"minecraft:coal":33,"minecraft:white_wool":5,"minecraft:cobblestone":129},"minecraft:killed_by":{"minecraft:skeleton":1,"minecraft:creeper":1},"minecraft:custom":{"minecraft:interact_with_furnace":7,"minecraft:mob_kills":18,"minecraft:interact_with_crafting_table":17,"minecraft:leave_game":6,"minecraft:time_since_death":8857,"minecraft:climb_one_cm":553,"minecraft:time_since_rest":8894,"minecraft:sprint_one_cm":42802,"minecraft:damage_taken":685,"minecraft:walk_one_cm":134135,"minecraft:damage_dealt":1903,"minecraft:fly_one_cm":48958,"minecraft:play_time":42429,"tombstone:undead_killed":3,"minecraft:deaths":2,"minecraft:walk_under_water_one_cm":3618,"minecraft:boat_one_cm":12084,"minecraft:jump":438,"minecraft:walk_on_water_one_cm":3965,"minecraft:total_world_time":42429,"minecraft:fall_one_cm":8230},"minecraft:used":{"minecraft:stone_pickaxe":233,"minecraft:wooden_pickaxe":12,"minecraft:torch":8,"minecraft:dirt":46,"minecraft:crafting_table":6,"travelersbackpack:pink_sleeping_bag":1,"minecraft:granite":3,"minecraft:apple":8,"minecraft:iron_pickaxe":77,"minecraft:stone_axe":135,"minecraft:diamond_sword":34,"minecraft:cobblestone":5,"minecraft:oak_sapling":5,"minecraft:furnace":2,"minecraft:bucket":1,"tombstone:gift":2,"minecraft:oak_boat":1,"minecraft:bone_meal":6},"minecraft:broken":{"minecraft:stone_pickaxe":2,"minecraft:stone_axe":1},"minecraft:crafted":{"minecraft:oak_planks":40,"minecraft:diamond_sword":1,"minecraft:cooked_porkchop":10,"minecraft:crafting_table":3,"minecraft:wooden_pickaxe":1,"minecraft:furnace":2,"minecraft:bone_meal":6,"minecraft:bucket":1,"travelersbackpack:pink_sleeping_bag":1,"minecraft:stone_axe":1,"minecraft:pink_dye":2,"minecraft:oak_boat":1,"minecraft:pink_wool":2,"minecraft:shield":1,"minecraft:stick":12,"minecraft:iron_ingot":8,"minecraft:iron_pickaxe":1,"minecraft:stone_pickaxe":2,"minecraft:torch":16},"minecraft:mined":{"minecraft:diamond_ore":9,"byg:clover_patch":1,"minecraft:oak_sapling":2,"minecraft:crafting_table":4,"minecraft:granite":3,"minecraft:emerald_ore":7,"minecraft:grass_block":2,"minecraft:cobblestone":4,"minecraft:wall_torch":2,"byg:pink_allium":3,"byg:soapstone":13,"minecraft:iron_ore":8,"travelersbackpack:pink_sleeping_bag":1,"minecraft:grass":1,"minecraft:oak_log":134,"minecraft:coal_ore":33,"minecraft:sand":15,"minecraft:dirt":122,"minecraft:stone":129,"byg:white_puffball":1},"minecraft:killed":{"minecraft:pig":8,"minecraft:zombie_villager":1,"minecraft:sheep":6,"minecraft:skeleton":1,"minecraft:zombie":1,"minecraft:cow":1}},"DataVersion":2975}