{"stats":{"minecraft:picked_up":{"minecraft:redstone_block":11,"byg:lush_dirt":3,"minecraft:anvil":2,"minecraft:enchanted_book":1,"byg:crocus":1,"minecraft:lapis_block":13,"minecraft:string":5,"minecraft:soul_soil":2,"minecraft:gold_nugget":40,"minecraft:cobbled_deepslate":131,"minecraft:furnace":4,"byg:zelkova_sapling":42,"minecraft:stick":23,"minecraft:torch":169,"minecraft:spruce_stairs":2,"minecraft:porkchop":9,"tombstone:grave_dust":4,"minecraft:diorite":59,"byg:kovan_flower":3,"minecraft:quartz_block":1,"minecraft:rotten_flesh":18,"minecraft:tropical_fish":1,"modernlife:dark_oak_deck":1,"minecraft:obsidian":46,"minecraft:iron_bars":10,"minecraft:cobblestone":880,"minecraft:birch_log":5,"minecraft:magma_block":131,"minecraft:feather":2,"minecraft:cooked_beef":4,"minecraft:andesite":50,"minecraft:brown_wool":1,"minecraft:golden_leggings":1,"minecraft:potato":1,"minecraft:flint":9,"minecraft:tuff":19,"minecraft:dirt":216,"minecraft:lapis_lazuli":579,"tombstone:familiar_receptacle":1,"minecraft:glass":8,"minecraft:bone":73,"byg:zelkova_crafting_table":3,"minecraft:bow":2,"minecraft:wheat_seeds":1,"minecraft:raw_gold":3,"minecraft:mossy_stone_bricks":1,"minecraft:oak_planks":1,"minecraft:sand":24,"minecraft:nether_brick_stairs":1,"byg:iris":5,"minecraft:diamond_block":4,"minecraft:dark_oak_log":22,"byg:pink_anemone":1,"minecraft:diamond":57,"minecraft:granite":25,"minecraft:bread":1,"minecraft:emerald":68,"minecraft:oak_sapling":10,"minecraft:netherrack":851,"minecraft:crafting_table":11,"byg:soapstone":162,"minecraft:chicken":2,"minecraft:clay_ball":22,"minecraft:flint_and_steel":1,"minecraft:cartography_table":1,"byg:zelkova_log":248,"minecraft:beef":19,"minecraft:oak_boat":5,"minecraft:light_gray_wool":1,"minecraft:chest":2,"minecraft:spruce_trapdoor":18,"minecraft:egg":1,"minecraft:dark_oak_sapling":7,"minecraft:raw_iron":81,"securitycraft:reinforced_cobblestone":8,"minecraft:raw_gold_block":3,"minecraft:oak_door":1,"minecraft:spruce_fence":1,"minecraft:redstone":123,"minecraft:dark_oak_planks":4,"byg:embur_lily":1,"minecraft:arrow":24,"minecraft:nether_bricks":4,"minecraft:hay_block":7,"tombstone:essence_of_undeath":2,"minecraft:mutton":24,"minecraft:white_wool":17,"minecraft:lime_bed":2,"minecraft:leather":8,"minecraft:oak_log":23,"minecraft:golden_boots":2,"byg:white_anemone":1,"minecraft:nether_wart_block":1,"byg:dacite_cobblestone":2,"tombstone:gift":1,"minecraft:cooked_mutton":5,"minecraft:apple":4,"minecraft:stone_bricks":1,"minecraft:soul_sand":1,"minecraft:dark_oak_stairs":8,"minecraft:book":12,"minecraft:emerald_block":14,"minecraft:quartz":105,"minecraft:gravel":39,"minecraft:spruce_log":4,"minecraft:crying_obsidian":1,"travelersbackpack:purple_sleeping_bag":1,"minecraft:spider_eye":4,"byg:holly_log":3,"tombstone:magic_scroll":3,"minecraft:coal":197},"minecraft:killed_by":{"minecraft:creeper":2,"minecraft:skeleton":2},"minecraft:custom":{"minecraft:interact_with_crafting_table":99,"minecraft:open_barrel":8,"goblintraders:trade_with_goblin":51,"minecraft:leave_game":12,"minecraft:time_since_death":188128,"minecraft:sprint_one_cm":802707,"minecraft:damage_blocked_by_shield":2615,"minecraft:drop":42,"minecraft:talked_to_villager":40,"minecraft:play_time":471208,"minecraft:deaths":4,"minecraft:jump":5514,"minecraft:walk_on_water_one_cm":100216,"minecraft:enchant_item":5,"minecraft:interact_with_furnace":49,"minecraft:traded_with_villager":22,"minecraft:sleep_in_bed":8,"minecraft:damage_dealt":15955,"minecraft:crouch_one_cm":243,"tombstone:undead_killed":61,"minecraft:horse_one_cm":7899,"minecraft:mob_kills":108,"minecraft:interact_with_anvil":12,"minecraft:climb_one_cm":3693,"minecraft:walk_one_cm":1316580,"minecraft:sneak_time":330,"minecraft:walk_under_water_one_cm":70278,"minecraft:boat_one_cm":651611,"minecraft:total_world_time":471208,"minecraft:time_since_rest":6910,"minecraft:damage_taken":5220,"minecraft:damage_absorbed":40,"minecraft:swim_one_cm":100703,"minecraft:fly_one_cm":645783,"minecraft:open_chest":99,"minecraft:fall_one_cm":94061},"minecraft:used":{"tombstone:scroll_of_unstable_intangibility":5,"minecraft:chest":4,"minecraft:shield":48,"minecraft:iron_sword":252,"minecraft:rotten_flesh":1,"minecraft:soul_sand":1,"securitycraft:keypad_item":1,"minecraft:tuff":19,"minecraft:obsidian":37,"minecraft:lava_bucket":16,"minecraft:quartz_block":23,"minecraft:magma_block":26,"minecraft:bow":7,"minecraft:furnace":7,"minecraft:oak_sapling":10,"travelersbackpack:purple_sleeping_bag":1,"minecraft:egg":1,"modernlife:dark_oak_deck":6,"minecraft:potato":17,"minecraft:dark_oak_stairs":12,"minecraft:diorite":22,"minecraft:stone_pickaxe":309,"minecraft:wooden_pickaxe":25,"minecraft:golden_apple":3,"minecraft:sand":3,"minecraft:bread":41,"minecraft:gravel":21,"minecraft:nether_wart_block":1,"minecraft:diamond_sword":5,"byg:zelkova_crafting_table":4,"minecraft:andesite":3,"minecraft:oak_boat":6,"minecraft:enchanting_table":1,"minecraft:stone_sword":77,"minecraft:flint_and_steel":18,"minecraft:cooked_chicken":1,"minecraft:netherrack":347,"minecraft:oak_door":3,"minecraft:torch":372,"minecraft:dirt":78,"minecraft:anvil":3,"minecraft:granite":2,"minecraft:dark_oak_planks":8,"minecraft:wooden_axe":24,"minecraft:bookshelf":2,"minecraft:iron_axe":223,"tombstone:gift":4,"minecraft:cooked_beef":12,"minecraft:cobbled_deepslate":98,"minecraft:cooked_mutton":17,"minecraft:water_bucket":21,"minecraft:cartography_table":1,"minecraft:salmon":2,"minecraft:crafting_table":22,"minecraft:lime_bed":1,"minecraft:dark_oak_door":1,"minecraft:oak_log":4,"minecraft:diamond_pickaxe":1633,"minecraft:apple":1,"minecraft:diamond_shovel":184,"minecraft:iron_pickaxe":1569,"tombstone:magic_scroll":3,"minecraft:spruce_trapdoor":14,"byg:soapstone":6,"minecraft:stone_axe":235,"minecraft:cobblestone":275,"minecraft:potion":2,"travelersbackpack:standard":2,"minecraft:cooked_porkchop":4,"minecraft:bucket":39},"minecraft:broken":{"minecraft:leather_leggings":1,"minecraft:stone_pickaxe":1,"minecraft:stone_axe":1,"minecraft:iron_pickaxe":4},"minecraft:dropped":{"byg:biomepedia":1,"minecraft:oak_log":1,"minecraft:glass_bottle":1,"minecraft:dirt":13,"minecraft:gold_nugget":3,"minecraft:sand":1,"tombstone:familiar_receptacle":2,"minecraft:gravel":1,"minecraft:obsidian":1,"tombstone:gift":1,"minecraft:oak_planks":1,"minecraft:arrow":5,"minecraft:crying_obsidian":1,"minecraft:quartz":4,"minecraft:iron_ingot":3,"minecraft:cobblestone":6,"minecraft:granite":3,"minecraft:diorite":15,"minecraft:torch":1,"byg:kovan_flower":2,"minecraft:clay_ball":50,"minecraft:andesite":7,"minecraft:mossy_stone_bricks":1,"tombstone:essence_of_undeath":2,"byg:dacite_cobblestone":1},"minecraft:crafted":{"minecraft:oak_planks":56,"byg:zelkova_planks":512,"securitycraft:keypad_item":1,"minecraft:diamond_shovel":1,"minecraft:bookshelf":2,"minecraft:heavy_weighted_pressure_plate":1,"minecraft:cooked_mutton":12,"minecraft:dark_oak_door":3,"securitycraft:laser_block":1,"minecraft:quartz_block":22,"minecraft:glass":12,"minecraft:diamond_helmet":1,"minecraft:diamond_leggings":1,"minecraft:bow":1,"minecraft:iron_boots":1,"travelersbackpack:purple_sleeping_bag":1,"minecraft:chest":3,"minecraft:emerald":40,"minecraft:cooked_porkchop":9,"minecraft:crafting_table":11,"minecraft:spruce_planks":16,"securitycraft:reinforced_stone_button":8,"minecraft:wooden_pickaxe":1,"travelersbackpack:standard":1,"minecraft:iron_helmet":1,"minecraft:birch_planks":20,"minecraft:iron_chestplate":1,"byg:holly_planks":12,"minecraft:diamond_pickaxe":1,"minecraft:purple_dye":5,"minecraft:shield":1,"minecraft:stick":836,"minecraft:iron_ingot":106,"minecraft:iron_pickaxe":6,"minecraft:stone_sword":1,"minecraft:iron_block":3,"minecraft:gold_ingot":12,"securitycraft:universal_block_reinforcer_lvl1":1,"minecraft:oak_door":3,"minecraft:purple_wool":2,"minecraft:redstone":9,"modernlife:dark_oak_deck":5,"minecraft:furnace":4,"minecraft:glass_pane":16,"minecraft:flint_and_steel":4,"minecraft:iron_axe":1,"minecraft:stone_pickaxe":3,"minecraft:diamond_boots":1,"minecraft:redstone_block":14,"minecraft:dark_oak_planks":64,"minecraft:wheat":63,"minecraft:cooked_beef":8,"minecraft:diamond_sword":1,"minecraft:dark_oak_stairs":4,"minecraft:enchanting_table":1,"travelersbackpack:backpack_tank":2,"minecraft:iron_sword":2,"byg:zelkova_crafting_table":2,"minecraft:bucket":3,"minecraft:stone_axe":1,"minecraft:bread":21,"securitycraft:reinforced_stone":8,"minecraft:oak_boat":2,"minecraft:raw_gold":9,"minecraft:wooden_axe":1,"minecraft:anvil":1,"minecraft:torch":220,"minecraft:lapis_lazuli":18,"minecraft:lapis_block":54,"minecraft:diamond_chestplate":1},"minecraft:mined":{"minecraft:dark_oak_planks":4,"minecraft:obsidian":44,"minecraft:spruce_trapdoor":18,"minecraft:granite":28,"minecraft:grass_block":96,"minecraft:soul_soil":2,"minecraft:spawner":17,"minecraft:magma_block":189,"byg:iris":4,"minecraft:fire":7,"minecraft:iron_ore":75,"minecraft:cobbled_deepslate":1,"minecraft:anvil":2,"minecraft:dark_oak_stairs":8,"minecraft:dirt_path":5,"minecraft:iron_bars":10,"byg:overgrown_netherrack":11,"minecraft:deepslate_redstone_ore":38,"minecraft:quartz_block":1,"minecraft:clay":17,"minecraft:torch":84,"byg:podzol_dacite":2,"minecraft:chest":3,"minecraft:nether_quartz_ore":102,"minecraft:cobblestone":22,"minecraft:wall_torch":75,"byg:lush_grass_block":1,"byg:pink_anemone":1,"minecraft:warped_nylium":1,"byg:soapstone":182,"minecraft:nether_wart_block":1,"minecraft:birch_log":5,"minecraft:lapis_block":13,"minecraft:grass":5,"minecraft:oak_log":32,"minecraft:sand":25,"minecraft:dirt":111,"minecraft:netherrack":995,"travelersbackpack:purple_sleeping_bag":1,"minecraft:deepslate":166,"minecraft:emerald_block":14,"minecraft:nether_gold_ore":11,"minecraft:diamond_ore":51,"minecraft:crying_obsidian":1,"minecraft:tuff":20,"minecraft:deepslate_diamond_ore":6,"minecraft:oak_door":1,"minecraft:dark_oak_log":36,"byg:zelkova_log":263,"byg:holly_log":3,"minecraft:nether_bricks":1,"minecraft:spruce_fence":1,"minecraft:cartography_table":1,"minecraft:hay_block":14,"byg:zelkova_crafting_table":3,"minecraft:redstone_ore":9,"minecraft:furnace":5,"minecraft:raw_gold_block":3,"minecraft:andesite":54,"minecraft:diamond_block":4,"minecraft:bookshelf":4,"minecraft:deepslate_iron_ore":7,"minecraft:vine":1,"minecraft:stone":858,"minecraft:redstone_block":11,"minecraft:crafting_table":11,"minecraft:emerald_ore":43,"minecraft:tall_grass":1,"minecraft:copper_ore":1,"minecraft:lapis_ore":98,"minecraft:deepslate_gold_ore":1,"minecraft:diorite":68,"minecraft:spruce_stairs":2,"minecraft:birch_planks":1,"minecraft:lime_bed":2,"byg:lush_dirt":2,"modernlife:dark_oak_deck":1,"byg:ebony_log":80,"minecraft:spruce_log":4,"minecraft:birch_leaves":2,"minecraft:coal_ore":101,"minecraft:mycelium":3,"minecraft:gravel":47,"minecraft:stone_bricks":4,"minecraft:gold_ore":3,"minecraft:deepslate_emerald_ore":25,"minecraft:fern":1},"minecraft:killed":{"minecraft:spider":6,"minecraft:skeleton":26,"minecraft:chicken":2,"minecraft:pig":5,"minecraft:creeper":1,"minecraft:sheep":20,"minecraft:zombie":33,"minecraft:mooshroom":2,"minecraft:stray":1,"untamedwilds:bison":1,"minecraft:cow":6,"minecraft:wither_skeleton":1}},"DataVersion":2975}