{"stats":{"minecraft:picked_up":{"minecraft:crafting_table":1,"minecraft:raw_iron":8,"byg:soapstone":13,"minecraft:oak_log":5,"minecraft:dirt":35,"minecraft:bone":2,"minecraft:granite":3,"minecraft:oak_sapling":3,"minecraft:coal":33,"minecraft:cobblestone":124},"minecraft:killed_by":{"minecraft:skeleton":1},"minecraft:custom":{"minecraft:time_since_rest":12037,"minecraft:interact_with_furnace":4,"minecraft:sprint_one_cm":10698,"minecraft:damage_taken":280,"minecraft:walk_one_cm":56309,"minecraft:mob_kills":1,"minecraft:damage_dealt":204,"minecraft:interact_with_crafting_table":10,"minecraft:fly_one_cm":16800,"minecraft:play_time":19174,"tombstone:undead_killed":1,"minecraft:deaths":1,"minecraft:walk_under_water_one_cm":3618,"minecraft:jump":196,"minecraft:leave_game":3,"minecraft:time_since_death":12010,"minecraft:walk_on_water_one_cm":3732,"minecraft:total_world_time":19174,"minecraft:fall_one_cm":3931},"minecraft:used":{"minecraft:stone_pickaxe":233,"minecraft:wooden_pickaxe":12,"minecraft:stone_axe":1,"minecraft:torch":3,"minecraft:cobblestone":5,"minecraft:crafting_table":2,"minecraft:oak_sapling":3,"minecraft:furnace":1,"tombstone:gift":2,"minecraft:granite":3,"minecraft:bone_meal":6},"minecraft:broken":{"minecraft:stone_pickaxe":2},"minecraft:crafted":{"minecraft:oak_planks":20,"minecraft:shield":1,"minecraft:crafting_table":1,"minecraft:stick":12,"minecraft:iron_ingot":8,"minecraft:wooden_pickaxe":1,"minecraft:stone_pickaxe":2,"minecraft:furnace":1,"minecraft:bone_meal":6,"minecraft:bucket":1,"minecraft:torch":16,"minecraft:stone_axe":1},"minecraft:mined":{"byg:soapstone":13,"minecraft:iron_ore":8,"minecraft:crafting_table":1,"minecraft:granite":3,"minecraft:oak_log":5,"minecraft:coal_ore":33,"minecraft:dirt":35,"minecraft:stone":125},"minecraft:killed":{"minecraft:skeleton":1}},"DataVersion":2975}