{
  "byg:biomepedia_gift": {
    "criteria": {
      "tick": "2024-06-27 01:13:12 +0000"
    },
    "done": true
  },
  "byg:root": {
    "criteria": {
      "tick": "2024-06-27 01:13:12 +0000"
    },
    "done": true
  },
  "tombstone:adventure/root": {
    "criteria": {
      "auto": "2024-06-27 01:13:12 +0000"
    },
    "done": true
  },
  "minecraft:adventure/adventuring_time": {
    "criteria": {
      "minecraft:plains": "2024-06-27 01:13:12 +0000"
    },
    "done": false
  },
  "DataVersion": 2975
}